caseid,centre,bvisaL_cluster_connected_triangles,bvisaL_triangl_per_clust,bvisaL_srf_are_per_clust,bvisaL_total_srf_area,bvisaL_is_self_intersecting,bvisaL_is_watertight,bvisaL_is_edge_manifold,bvisaL_is_vertex_manifold,bvisaL_total_volume,bvisaL_holes_filled_volume,bvisaR_cluster_connected_triangles,bvisaR_triangl_per_clust,bvisaR_srf_are_per_clust,bvisaR_total_srf_area,bvisaR_is_self_intersecting,bvisaR_is_watertight,bvisaR_is_edge_manifold,bvisaR_is_vertex_manifold,bvisaR_total_volume,bvisaR_holes_filled_volume,LCS_lebel2inters,RCS_lebel2inters
sub-via156,CFIN,4556,[4556],[3414.47709962],3414.4770996239076,False,True,True,True,1234.481922010753,1234.4819220107574,4756,[4756],[3519.83179435],3519.8317943483385,False,True,True,True,1268.3475504365497,1268.3475504365497,"{3: 662, 24: 1083, 165: 75}","{24: 1184, 42: 576, 165: 134, 258: 17}"
sub-via153,CFIN,4054,[4054],[3067.82763767],3067.827637667248,False,True,True,True,1135.7386977830993,1135.738697783098,4010,[4010],[3039.17088294],3039.1708829392783,False,True,True,True,1132.0647587064577,1132.0647587064595,"{3: 505, 24: 1150}","{24: 1232, 42: 424}"
sub-via248,CFIN,4478,[4478],[3384.98437492],3384.98437491885,False,True,True,True,1172.8232036464387,1172.8232036464378,4664,[4664],[3469.29036246],3469.290362463282,False,True,True,True,1268.2898884825877,1268.2898884825872,"{3: 734, 24: 966, 165: 21}","{24: 1111, 42: 652, 165: 88}"
sub-via323,CFIN,4040,[4040],[3047.42700283],3047.427002830189,False,True,True,True,1119.3348207637864,1119.3348207637837,3338,[3338],[2541.57543294],2541.575432943696,False,True,True,True,897.0349478168055,897.0349478168059,"{3: 460, 24: 1134, 165: 30}","{24: 1018, 42: 294, 165: 12}"
sub-via059,CFIN,4948,[4948],[3623.35967657],3623.359676571132,False,True,True,True,1312.6516921477632,1312.6516921477555,4640,[4640],[3536.99936932],3536.9993693217166,False,True,True,True,1272.3437615315934,1272.3437615315981,"{2: 1, 3: 978, 24: 785, 165: 123, 258: 47}","{24: 912, 42: 813, 165: 114, 258: 18}"
sub-via339,CFIN,4408,[4408],[3317.53002824],3317.5300282358976,False,True,True,True,1176.062006787104,1176.062006787105,3880,[3880],[2897.72861871],2897.7286187071577,False,True,True,True,1079.7376944814532,1079.7376944814519,"{3: 403, 24: 1232, 165: 80, 258: 15}","{24: 1265, 42: 260, 165: 58, 258: 4}"
sub-via227,CFIN,5068,[5068],[3706.49251088],3706.4925108822963,False,True,True,True,1332.9548182287253,1332.9548182287235,4644,[4644],[3526.22141393],3526.2214139347248,False,True,True,True,1274.65880223646,1274.6588022364626,"{3: 639, 24: 1164, 165: 106, 258: 53}","{24: 1263, 42: 618, 165: 82, 258: 3}"
sub-via276,CFIN,4388,[4388],[3316.49361503],3316.493615034381,False,True,True,True,1172.9362320520122,1172.936232052005,4348,[4348],[3363.08031283],3363.0803128310104,False,True,True,True,1242.4647575035633,1242.4647575035615,"{3: 395, 24: 1154, 165: 171, 258: 7}","{24: 1141, 42: 510, 165: 141, 258: 21}"
sub-via458,CFIN,3770,[3770],[2831.15259733],2831.1525973311404,False,True,True,True,1039.8960096794199,1039.8960096794208,4220,[4220],[3133.59057809],3133.5905780851713,False,True,True,True,1160.5532599886792,1160.5532599886792,"{2: 1, 3: 543, 24: 896, 165: 71}","{24: 1202, 42: 384, 165: 99, 258: 4}"
sub-via310,CFIN,5372,[5372],[4029.58040458],4029.580404583083,True,False,True,True,-1.0,-1.0,5360,[5360],[3910.49702735],3910.497027351894,True,False,True,True,-1.0,-1.0,"{3: 713, 24: 1265, 165: 169, 258: 5}","{24: 1251, 42: 668, 165: 149, 258: 7}"
sub-via515,CFIN,5368,[5368],[4083.21499283],4083.214992827627,False,True,True,True,1489.0278989087037,1489.027898908702,4874,[4874],[3670.87822562],3670.87822561671,False,True,True,True,1346.863238790418,1346.863238790419,"{3: 792, 24: 1266, 165: 120, 258: 2}","{24: 1348, 42: 583, 165: 31, 258: 1}"
sub-via379,CFIN,4660,[4660],[3544.07328497],3544.073284971024,False,True,True,True,1282.2582768380398,1282.2582768380435,4794,[4794],[3615.76280673],3615.762806733345,False,True,True,True,1313.5278202902455,1313.527820290246,"{3: 425, 24: 1381, 165: 63}","{24: 1447, 42: 447, 165: 21}"
sub-via119,CFIN,3952,[3952],[2928.36823581],2928.3682358071374,False,True,True,True,1066.6531184235146,1066.6531184235228,3790,[3790],[2784.07446288],2784.074462875812,False,True,True,True,998.5586808872276,998.558680887229,"{3: 378, 24: 1196, 165: 38, 258: 6}","{24: 1197, 42: 259, 165: 12}"
sub-via439,CFIN,4390,[4390],[3321.87318594],3321.873185939085,False,True,True,True,1191.8609775353925,1191.8609775353907,4354,[4354],[3264.85117515],3264.851175152428,True,False,True,True,-1.0,-1.0,"{3: 739, 24: 1299, 165: 13}","{24: 1178, 42: 563}"
sub-via466,CFIN,6096,[6096],[4353.97782408],4353.977824081762,False,True,True,True,1606.2525038411386,1606.2525038411286,6454,[6454],[4850.79547249],4850.795472487135,False,True,True,True,1711.5501955409027,1711.5501955409009,"{2: 12, 3: 781, 24: 1259, 165: 334, 258: 10}","{24: 1518, 41: 9, 42: 891, 165: 128}"
sub-via333,CFIN,4414,[4414],[3262.44180226],3262.441802263292,False,True,True,True,1206.2711887575788,1206.2711887575724,4192,[4192],[3102.36147589],3102.361475886512,False,True,True,True,1153.707484935157,1153.7074849351575,"{3: 667, 24: 1078, 165: 58, 258: 6}","{24: 913, 42: 759, 165: 42, 258: 1}"
sub-via366,CFIN,5040,[5040],[3750.63649691],3750.6364969127144,False,True,True,True,1368.206136825259,1368.206136825267,4598,[4598],[3498.17296381],3498.172963811874,False,True,True,True,1280.2321243321198,1280.2321243321203,"{3: 303, 24: 1639, 165: 75}","{24: 1649, 42: 198, 165: 28}"
sub-via431,CFIN,4946,[4946],[3557.40248769],3557.4024876906938,False,True,True,True,1315.3522295087214,1315.3522295087205,5480,[5480],[4044.55631854],4044.556318543418,False,True,True,True,1474.3793989944506,1474.3793989944475,"{3: 469, 24: 1395, 165: 87}","{24: 1619, 42: 494, 165: 35}"
sub-via456,CFIN,5214,[5214],[3868.69022701],3868.690227014332,False,True,True,True,1394.4051238192897,1394.4051238192915,5004,[5004],[3748.63173672],3748.631736716868,False,True,True,True,1381.6130545686146,1381.6130545686128,"{3: 847, 24: 1175, 77: 1, 165: 58}","{24: 1231, 42: 719, 165: 76, 258: 5}"
sub-via501,CFIN,4930,[4930],[3717.1669996],3717.1669995983943,False,True,True,True,1375.2707181215728,1375.2707181215756,5062,[5062],[3790.40198562],3790.4019856221453,False,True,True,True,1358.5778493925554,1358.577849392556,"{3: 595, 24: 1312, 165: 100, 258: 4}","{24: 1401, 42: 572, 165: 14}"
sub-via512,CFIN,4298,[4298],[3307.02989604],3307.029896038093,False,True,True,True,1219.9101723113918,1219.9101723113936,4260,[4260],[3256.11858743],3256.1185874297735,False,True,True,True,1230.6142023308603,1230.614202330858,"{3: 617, 24: 1111, 165: 47, 258: 1}","{24: 918, 42: 889, 165: 60, 258: 12}"
sub-via086,CFIN,4680,[4680],[3457.58210094],3457.5821009425713,False,True,True,True,1242.1859706486275,1242.1859706486293,4918,[4918],[3632.42981664],3632.4298166352582,False,True,True,True,1295.239233258505,1295.2392332585086,"{2: 4, 3: 593, 24: 1221, 77: 9, 165: 11}","{24: 1377, 41: 2, 42: 517, 165: 24}"
sub-via229,CFIN,4828,[4828],[3500.89713923],3500.8971392299536,False,True,True,True,1281.5166509278097,1281.5166509278151,4514,[4514],[3292.50714976],3292.5071497588337,False,True,True,True,1225.2136227517772,1225.2136227517813,"{2: 3, 3: 458, 24: 1356, 165: 47}","{24: 1328, 42: 396, 165: 77}"
sub-via283,CFIN,4294,[4294],[3166.91232676],3166.9123267595232,False,True,True,True,1159.8410692870102,1159.8410692870111,4326,[4326],[3265.32720393],3265.327203933542,False,True,True,True,1188.8964631377012,1188.8964631377073,"{2: 2, 3: 792, 24: 813, 165: 96, 258: 3}","{24: 970, 42: 620, 165: 147}"
sub-via313,CFIN,4556,[4556],[3369.17260653],3369.1726065299104,False,True,True,True,1258.5439017478175,1258.543901747821,4508,[4508],[3377.66165461],3377.6616546110017,False,True,True,True,1213.7499419755231,1213.749941975525,"{3: 410, 24: 1394, 165: 42}","{24: 1343, 42: 324, 165: 116, 258: 5}"
sub-via343,CFIN,4542,[4542],[3378.79460809],3378.794608091462,False,True,True,True,1224.3276530982857,1224.32765309829,4324,[4324],[3253.8451069],3253.8451068985955,False,True,True,True,1185.6579495090255,1185.6579495090236,"{3: 926, 24: 840, 165: 32}","{24: 1043, 42: 698, 165: 4}"
sub-via383,CFIN,4854,[4854],[3675.21932558],3675.2193255801835,False,True,True,True,1326.0521160653325,1326.0521160653343,5102,[5102],[3862.83553837],3862.8355383677595,False,True,True,True,1401.1838551894498,1401.1838551894502,"{3: 704, 24: 1104, 165: 95, 258: 34}","{24: 1183, 42: 742, 165: 83, 258: 26}"
sub-via441,CFIN,3650,[3650],[2730.4651711],2730.4651710964763,False,True,True,True,1005.6195482222975,1005.6195482222993,4188,[4188],[3101.15248897],3101.1524889680195,True,False,True,True,-1.0,-1.0,"{2: 1, 3: 657, 24: 836, 165: 14}","{24: 893, 42: 748, 165: 65, 258: 7}"
sub-via473,CFIN,4410,[4410],[3309.92030377],3309.920303767142,False,True,True,True,1177.599529064748,1177.5995290647452,5388,[5388],[3966.57369127],3966.573691269565,True,False,True,True,-1.0,-1.0,"{3: 508, 24: 1177, 165: 75}","{24: 1332, 41: 1, 42: 638, 165: 126, 258: 28}"
sub-via403,CFIN,4562,[4562],[3424.15487632],3424.154876315073,False,True,True,True,1235.793317361129,1235.7933173611245,4072,[4072],[3092.68113896],3092.6811389648365,True,False,True,True,-1.0,-1.0,"{3: 697, 24: 1039, 165: 99, 258: 22}","{24: 1022, 42: 491, 165: 98, 258: 3}"
sub-via424,CFIN,4000,[4000],[2988.17694504],2988.1769450446313,False,True,True,True,1065.4580935874146,1065.4580935874083,4744,[4744],[3490.15401433],3490.154014329424,False,True,True,True,1287.579697602808,1287.5796976028055,"{3: 584, 24: 877, 165: 102, 258: 2}","{24: 1209, 42: 539, 165: 138}"
sub-via163,CFIN,4348,[4348],[3245.05920727],3245.059207270224,False,True,True,True,1180.155069921111,1180.155069921109,4138,[4138],[3089.98989254],3089.9898925422617,False,True,True,True,1174.6675806159656,1174.667580615962,"{3: 722, 24: 1024}","{24: 982, 42: 728}"
sub-via256,CFIN,4690,[4690],[3505.17383785],3505.1738378467244,False,True,True,True,1267.7826857286473,1267.7826857286486,4818,[4818],[3591.09788445],3591.0978844542956,False,True,True,True,1330.748015477089,1330.7480154770876,"{3: 543, 24: 1252, 165: 46}","{24: 1525, 42: 417, 258: 1}"
sub-via299,CFIN,4144,[4144],[3143.23629651],3143.2362965091615,False,True,True,True,1159.6799389970456,1159.6799389970456,4358,[4358],[3296.11008554],3296.1100855366235,False,True,True,True,1230.5373893445703,1230.5373893445708,"{3: 504, 24: 1104, 165: 78}","{24: 1368, 42: 276, 165: 150, 258: 4}"
sub-via330,CFIN,5132,[5132],[3828.90358538],3828.9035853818255,False,True,True,True,1427.5752142782649,1427.5752142782658,4646,[4646],[3507.4619193],3507.4619193036415,False,True,True,True,1273.566942249835,1273.5669422498363,"{2: 1, 3: 737, 24: 1345, 165: 25}","{24: 1208, 41: 1, 42: 579, 165: 73}"
sub-via363,CFIN,4080,[4080],[3125.71814718],3125.7181471759554,False,True,True,True,1171.2174744365184,1171.2174744365193,3948,[3948],[3009.35567922],3009.3556792236936,False,True,True,True,1058.3193230755112,1058.3193230755103,"{3: 656, 24: 989, 165: 59}","{24: 1124, 42: 362, 165: 74}"
sub-via453,CFIN,4300,[4300],[3156.15739084],3156.1573908434993,False,True,True,True,1141.0301844138967,1141.030184413898,4200,[4200],[3158.51391991],3158.5139199087384,False,True,True,True,1153.6686008199194,1153.6686008199163,"{2: 1, 3: 541, 24: 1039, 165: 77, 258: 8}","{24: 1080, 42: 542, 165: 71}"
sub-via493,CFIN,4344,[4344],[3207.81088324],3207.8108832448843,False,True,True,True,1149.8990187914305,1149.8990187914287,4208,[4208],[3214.68551388],3214.6855138816386,False,True,True,True,1183.3917494293692,1183.3917494293673,"{3: 345, 24: 1248, 165: 93}","{24: 1207, 42: 452, 165: 75}"
sub-via213,CFIN,4188,[4188],[3153.07314819],3153.0731481882726,False,True,True,True,1139.7152964519792,1139.715296451981,4200,[4200],[3203.66987873],3203.6698787337364,False,True,True,True,1176.2093649553517,1176.2093649553503,"{2: 1, 3: 644, 24: 1012, 165: 15}","{24: 1176, 42: 482, 165: 67}"
sub-via154,CFIN,4210,[4210],[3144.6655858],3144.6655858024847,False,True,True,True,1171.1826440926952,1171.1826440926907,4580,[4580],[3394.76780905],3394.7678090521817,False,True,True,True,1274.3362906174852,1274.3362906174805,"{3: 484, 24: 1562, 165: 5}","{24: 1311, 41: 1, 42: 527, 165: 19}"
sub-via250,CFIN,4500,[4500],[3363.34268746],3363.3426874551596,False,True,True,True,1216.0821673210176,1216.0821673210185,3598,[3598],[2677.82286424],2677.8228642449617,False,True,True,True,955.885710949457,955.8857109494611,"{3: 247, 24: 1501, 165: 40}","{24: 1225, 42: 197, 165: 2}"
sub-via338,CFIN,4872,[4872],[3594.91045516],3594.9104551641262,False,True,True,True,1292.9312180776178,1292.9312180776142,4420,[4420],[3262.23784352],3262.237843524502,False,True,True,True,1188.4489163682692,1188.4489163682692,"{3: 583, 24: 1120, 165: 207, 258: 13}","{24: 1068, 42: 469, 165: 211, 258: 7}"
sub-via378,CFIN,4278,[4278],[3266.78524032],3266.785240318702,False,True,True,True,1190.9780868547596,1190.9780868547577,4418,[4418],[3309.93229769],3309.9322976941125,False,True,True,True,1207.254113121192,1207.2541131211938,"{3: 564, 24: 1100, 165: 78}","{24: 1177, 42: 521, 165: 69}"
sub-via459,CFIN,4440,[4440],[3344.22570602],3344.225706022678,False,True,True,True,1211.2903054777526,1211.2903054777526,4362,[4362],[3289.01712404],3289.017124036762,False,True,True,True,1200.6508994565788,1200.6508994565784,"{3: 592, 24: 1081, 165: 122}","{24: 1118, 42: 581, 165: 82}"
sub-via517,CFIN,4946,[4946],[3634.08783765],3634.0878376479027,False,True,True,True,1306.6494263284003,1306.6494263284058,5116,[5116],[3801.52884694],3801.528846939392,False,True,True,True,1386.1247488001377,1386.124748800139,"{3: 779, 24: 1157, 165: 2}","{24: 1055, 42: 984, 165: 3}"
sub-via336,CFIN,3922,[3922],[2960.54015558],2960.5401555785584,False,True,True,True,1065.7451754137883,1065.7451754137883,3962,[3962],[3020.48274331],3020.4827433088935,False,True,True,True,1099.9766515385732,1099.976651538574,"{3: 564, 24: 967, 165: 21}","{24: 1038, 42: 546, 165: 33}"
sub-via104,CFIN,4644,[4644],[3465.32480673],3465.3248067331147,False,True,True,True,1255.7236153439862,1255.723615343988,4778,[4778],[3564.74715009],3564.747150090697,False,True,True,True,1294.3235911227493,1294.3235911227503,"{3: 722, 24: 1091, 165: 27}","{24: 1187, 41: 6, 42: 704, 165: 100}"
sub-via126,CFIN,6192,[6192],[4650.7136128],4650.713612799021,False,True,True,True,1726.761588893719,1726.7615888937198,5578,[5578],[4232.95952005],4232.959520048355,False,True,True,True,1584.0966550717435,1584.0966550717408,"{3: 551, 24: 1772, 165: 186, 258: 10}","{24: 1659, 42: 453, 165: 168, 258: 2}"
sub-via287,CFIN,3740,[3740],[2826.72072397],2826.7207239720947,False,True,True,True,1036.6676507585144,1036.6676507585144,3790,[3790],[2839.38019006],2839.380190063346,False,True,True,True,1038.2381539186254,1038.238153918624,"{3: 334, 24: 1150, 165: 33}","{24: 942, 42: 562, 165: 17}"
sub-via231,CFIN,5668,[5668],[4246.31544155],4246.315441549945,False,True,True,True,1568.0567407226308,1568.0567407226308,5160,[5160],[3954.00174848],3954.0017484848286,False,True,True,True,1444.6093813009147,1444.6093813009147,"{3: 657, 24: 1589, 165: 25}","{24: 1584, 42: 462, 165: 71}"
sub-via348,CFIN,5126,[5126],[3838.59152475],3838.5915247541134,False,True,True,True,1433.3010342818538,1433.3010342818484,4600,[4600],[3493.71884009],3493.718840092249,False,True,True,True,1281.428291398347,1281.428291398346,"{3: 605, 24: 1326, 165: 148, 258: 7}","{24: 1310, 42: 438, 165: 118, 258: 2}"
sub-via389,CFIN,5176,[5176],[3743.67436079],3743.6743607941858,False,True,True,True,1372.7784279241223,1372.7784279241187,4454,[4454],[3363.83313796],3363.8331379584733,False,True,True,True,1227.8308786383968,1227.8308786383968,"{3: 582, 24: 1297, 165: 100, 258: 24}","{24: 1350, 42: 360, 165: 73, 258: 2}"
sub-via442,CFIN,4626,[4626],[3462.04549641],3462.0454964130286,False,True,True,True,1239.8340313333645,1239.8340313333622,5140,[5140],[3797.33371458],3797.333714577888,True,False,True,True,-1.0,-1.0,"{3: 712, 24: 965, 165: 148}","{24: 1103, 42: 632, 165: 241, 258: 23}"
sub-via481,CFIN,4076,[4076],[3037.71130531],3037.711305311723,False,True,True,True,1086.5491579020638,1086.5491579020572,3976,[3976],[3004.92266486],3004.9226648638555,False,True,True,True,1076.3277980976604,1076.327798097661,"{3: 389, 24: 1021, 165: 177, 258: 23}","{24: 994, 42: 433, 165: 160, 258: 9}"
sub-via490,CFIN,4894,[4894],[3596.74111802],3596.7411180246913,False,True,True,True,1313.1262937109716,1313.126293710965,4796,[4796],[3618.29742797],3618.297427969374,False,True,True,True,1312.1626061270422,1312.1626061270454,"{0: 10, 3: 406, 24: 1439, 165: 93}","{0: 3, 24: 1401, 42: 437, 165: 78}"
sub-via296,CFIN,4568,[4568],[3365.09893639],3365.098936391047,False,True,True,True,1221.8414403654624,1221.8414403654606,4170,[4170],[3065.98515906],3065.9851590627754,False,True,True,True,1109.6750261105058,1109.6750261105112,"{3: 840, 24: 851, 165: 109, 258: 12}","{24: 732, 42: 708, 165: 210, 258: 11}"
sub-via325,CFIN,4964,[4964],[3709.90809869],3709.9080986911245,False,True,True,True,1378.8737207714685,1378.8737207714657,4592,[4592],[3497.93125816],3497.931258158321,False,True,True,True,1272.5709398593594,1272.5709398593576,"{3: 432, 24: 1479, 165: 106}","{24: 1545, 42: 309, 165: 27}"
sub-via393,CFIN,4656,[4656],[3482.00806523],3482.0080652272322,False,True,True,True,1249.6306384187083,1249.63063841871,4650,[4650],[3552.66934242],3552.6693424228188,False,True,True,True,1317.0690536688446,1317.0690536688471,"{2: 2, 3: 717, 24: 1071, 165: 53}","{24: 891, 42: 946, 165: 71}"
sub-via450,CFIN,5062,[5062],[3782.681394],3782.6813939952935,False,True,True,True,1357.0781573358345,1357.0781573358345,4674,[4674],[3482.85648623],3482.856486226493,False,True,True,True,1264.093472618143,1264.0934726181426,"{2: 2, 3: 1023, 24: 919, 165: 93, 258: 5}","{24: 850, 42: 965, 165: 15}"
sub-via488,CFIN,3686,[3686],[2821.46258835],2821.462588349391,False,True,True,True,996.263204335457,996.2632043354515,3970,[3970],[3014.19919331],3014.1991933141444,True,False,True,True,-1.0,-1.0,"{3: 711, 24: 714, 165: 39}","{24: 881, 42: 659, 165: 61, 258: 1}"
sub-via160,CFIN,4426,[4426],[3284.69629738],3284.696297382412,False,True,True,True,1210.1574752706256,1210.1574752706301,4656,[4656],[3490.90555094],3490.9055509436594,False,True,True,True,1285.209685893038,1285.2096858930408,"{3: 487, 24: 1246, 165: 23}","{24: 1429, 42: 439, 165: 10}"
sub-via317,CFIN,4948,[4948],[3754.5273551],3754.5273551014166,False,True,True,True,1360.2675401274892,1360.2675401274792,4240,[4240],[3242.69697251],3242.6969725061044,True,False,True,True,-1.0,-1.0,"{3: 323, 24: 1571, 165: 90, 258: 2}","{24: 1455, 42: 277, 165: 105, 258: 3}"
sub-via085,CFIN,3688,[3688],[2743.47043798],2743.470437975973,False,True,True,True,1000.2177608504189,1000.2177608504171,3658,[3658],[2760.47495673],2760.474956734553,False,True,True,True,1018.382218637709,1018.3822186377079,"{3: 449, 24: 927, 165: 104, 258: 5}","{24: 1015, 42: 407, 165: 72}"
sub-via254,CFIN,5062,[5062],[3920.58625665],3920.586256654384,False,True,True,True,1412.8438121287882,1412.843812128789,4998,[4998],[3812.53094509],3812.530945093021,False,True,True,True,1353.280622552681,1353.2806225526792,"{3: 640, 24: 1305, 165: 117, 258: 17}","{24: 1568, 42: 374, 165: 101, 258: 1}"
sub-via054,CFIN,4092,[4092],[3082.64100667],3082.6410066679578,False,True,True,True,1112.991184756207,1112.991184756209,4144,[4144],[3113.30096108],3113.3009610798867,False,True,True,True,1141.1333668108969,1141.1333668108982,"{3: 711, 24: 905, 165: 44, 258: 4}","{24: 875, 42: 750, 165: 53, 258: 12}"
sub-via298,CFIN,4958,[4958],[3727.66688256],3727.6668825576885,False,True,True,True,1364.158213681444,1364.158213681445,5746,[5746],[4364.27117243],4364.27117243262,False,True,True,True,1595.5004147685406,1595.5004147685386,"{3: 537, 24: 1402, 165: 41}","{24: 1639, 42: 553, 165: 113}"
sub-via328,CFIN,4540,[4540],[3336.50812023],3336.508120234971,False,True,True,True,1256.2826461667082,1256.28264616671,4506,[4506],[3300.33631182],3300.3363118157245,False,True,True,True,1235.6921327465823,1235.6921327465816,"{3: 550, 24: 1239, 165: 27}","{24: 1305, 42: 397, 165: 83, 258: 1}"
sub-via362,CFIN,3696,[3696],[2766.70758319],2766.707583191863,False,True,True,True,998.1036804289822,998.1036804289815,3868,[3868],[2892.54151195],2892.541511951906,False,True,True,True,1043.9760595861571,1043.9760595861612,"{3: 536, 24: 706, 165: 208, 258: 25}","{24: 893, 42: 567, 165: 100}"
sub-via399,CFIN,5532,[5532],[4187.03200974],4187.032009735124,False,True,True,True,1544.4142626870353,1544.4142626870416,5076,[5076],[3846.56896769],3846.568967688869,False,True,True,True,1392.5082180884617,1392.5082180884629,"{3: 948, 24: 1291, 165: 27}","{24: 1077, 42: 850, 165: 112, 258: 1}"
sub-via423,CFIN,5594,[5594],[4205.54275654],4205.542756536848,False,True,True,True,1522.2152043562555,1522.2152043562546,4994,[4994],[3644.64033794],3644.640337943122,False,True,True,True,1341.5139566878684,1341.513956687866,"{3: 634, 24: 1433, 165: 124, 258: 38}","{24: 1211, 41: 2, 42: 657, 165: 116}"
sub-via209,CFIN,4414,[4414],[3308.77192758],3308.7719275759614,False,True,True,True,1192.69371012387,1192.693710123869,4716,[4716],[3576.80778112],3576.807781118695,False,True,True,True,1294.9623795901425,1294.962379590147,"{3: 688, 24: 1018, 165: 60, 258: 1}","{24: 1252, 42: 559, 165: 72}"
sub-via224,CFIN,4958,[4958],[3666.49363012],3666.493630116991,False,True,True,True,1308.7136858454105,1308.7136858454141,4116,[4116],[3149.09959577],3149.0995957669747,False,True,True,True,1127.1576442472497,1127.1576442472474,"{3: 565, 24: 1144, 165: 181, 258: 9}","{24: 1092, 42: 462, 165: 101}"
sub-via275,CFIN,5052,[5052],[3815.14510368],3815.1451036845106,True,False,True,True,-1.0,-1.0,4986,[4986],[3677.0697899],3677.0697899049137,False,True,True,True,1341.7715449810748,1341.7715449810798,"{3: 879, 24: 1020, 165: 94}","{24: 876, 41: 7, 42: 1019, 165: 68}"
sub-via309,CFIN,4446,[4446],[3284.41347868],3284.4134786772124,False,True,True,True,1210.3573392622257,1210.3573392622347,4374,[4374],[3281.91608929],3281.916089285978,False,True,True,True,1217.7776244173733,1217.7776244173704,"{3: 444, 24: 1253, 165: 104, 258: 5}","{24: 1188, 42: 484, 165: 91, 258: 1}"
sub-via228,CFIN,4860,[4860],[3573.58553956],3573.5855395600506,False,True,True,True,1290.61279352172,1290.6127935217219,3856,[3856],[2985.52410957],2985.5241095718266,False,True,True,True,1084.7452608762246,1084.745260876225,"{3: 671, 24: 1160, 165: 63, 258: 14}","{24: 993, 42: 457, 165: 107, 258: 27}"
sub-via279,CFIN,4370,[4370],[3176.31552065],3176.31552064688,False,True,True,True,1147.747773963746,1147.747773963748,4694,[4694],[3546.08839144],3546.0883914436,False,True,True,True,1326.2229745203122,1326.222974520314,"{3: 285, 24: 1350, 165: 42}","{24: 1512, 42: 283, 165: 143, 258: 1}"
sub-via311,CFIN,2938,[2938],[2173.34470772],2173.3447077196347,False,True,True,True,781.4734612448483,781.4734612448497,4866,[4866],[3275.25557807],3275.2555780741154,True,False,True,True,-1.0,-1.0,"{2: 14, 3: 764, 24: 714, 165: 146, 258: 43}","{24: 1152, 41: 2, 42: 1021, 165: 534, 258: 379}"
sub-via455,CFIN,4496,[4496],[3343.12150512],3343.1215051216764,False,True,True,True,1204.0290490924162,1204.0290490924172,4304,[4304],[3269.99749708],3269.9974970789444,False,True,True,True,1203.015291300385,1203.0152913003872,"{3: 716, 24: 1034, 165: 1}","{24: 1360, 41: 1, 42: 401, 165: 12}"
sub-via340,CFIN,5350,[5350],[4002.00701698],4002.0070169761952,False,True,True,True,1405.1701253601836,1405.170125360184,4410,[4410],[3269.8280084],3269.8280084046382,False,True,True,True,1172.2181386155858,1172.2181386155876,"{3: 587, 24: 1450, 165: 40}","{24: 1307, 42: 380, 165: 29}"
sub-via380,CFIN,4522,[4522],[3350.39316996],3350.3931699626146,False,True,True,True,1225.0478547948387,1225.0478547948278,4410,[4410],[3315.61420941],3315.6142094063293,False,True,True,True,1228.8280570844308,1228.8280570844304,"{3: 447, 24: 1286, 165: 92}","{24: 1363, 42: 367, 165: 69}"
sub-via440,CFIN,4862,[4862],[3624.16339518],3624.1633951755102,False,True,True,True,1312.3813945027105,1312.3813945027132,4728,[4728],[3511.78042756],3511.7804275595827,True,False,True,True,-1.0,-1.0,"{2: 2, 3: 866, 24: 875, 165: 181, 258: 2}","{24: 851, 41: 1, 42: 822, 165: 192, 258: 30}"
sub-via467,CFIN,5232,[5232],[3904.44025953],3904.440259527737,True,False,True,True,-1.0,-1.0,4722,[4722],[3534.37858972],3534.378589721508,False,True,True,True,1235.2646058217995,1235.2646058218038,"{3: 880, 24: 1121, 165: 125, 258: 27}","{24: 1186, 42: 519, 165: 101, 258: 20}"
sub-via522,CFIN,4854,[4854],[3638.21307511],3638.2130751144955,False,True,True,True,1352.6503381486928,1352.6503381486882,4380,[4380],[3291.65827948],3291.65827947617,False,True,True,True,1240.7679708270512,1240.7679708270575,"{3: 295, 24: 1589, 165: 91}","{24: 1409, 42: 512, 165: 51}"
sub-via201,CFIN,5528,[5528],[4230.93334785],4230.933347847872,False,True,True,True,1508.2788842853042,1508.2788842853024,5382,[5382],[4144.71792777],4144.717927765234,False,True,True,True,1520.4111137874334,1520.4111137874322,"{3: 640, 24: 1537, 165: 23}","{24: 1516, 42: 696, 77: 2}"
sub-via207,CFIN,6310,[6310],[4670.39838633],4670.398386330134,False,True,True,True,1689.2447820876941,1689.244782087686,6394,[6394],[4748.25549352],4748.255493521396,False,True,True,True,1749.8469145369068,1749.8469145369058,"{2: 16, 3: 1087, 24: 1198, 165: 184}","{24: 1431, 42: 934, 165: 261}"
sub-via219,CFIN,3986,[3986],[3070.20155361],3070.2015536096997,False,True,True,True,1096.4130818522563,1096.4130818522535,3732,[3732],[2894.4521697],2894.4521697000537,False,True,True,True,1062.0568555431196,1062.0568555431228,"{3: 511, 24: 1008, 165: 96, 258: 2}","{24: 1042, 42: 391, 165: 131}"
sub-via304,CFIN,4014,[4014],[3013.53248614],3013.532486139763,False,True,True,True,1102.7175415871961,1102.7175415871911,4186,[4186],[3113.11305122],3113.113051216571,False,True,True,True,1148.1853767025168,1148.185376702516,"{3: 611, 24: 955, 165: 56, 258: 2}","{24: 1071, 42: 571, 165: 35, 258: 2}"
sub-via273,CFIN,3770,[3770],[2822.65336218],2822.653362176503,True,False,True,True,-1.0,-1.0,4046,[4046],[3043.20812918],3043.2081291773234,False,True,True,True,1098.9224799269764,1098.922479926976,"{2: 3, 3: 800, 24: 694, 165: 28}","{24: 858, 42: 705, 165: 57}"
sub-via372,CFIN,4528,[4528],[3388.43095005],3388.430950046992,False,True,True,True,1234.868394772142,1234.8683947721447,5182,[5182],[3842.35446217],3842.354462172639,False,True,True,True,1383.61534141882,1383.615341418818,"{3: 626, 24: 1191, 165: 7}","{24: 1117, 41: 1, 42: 939, 165: 8}"
sub-via433,CFIN,4084,[4084],[3009.55138307],3009.551383074975,False,True,True,True,1082.7417925138416,1082.7417925138443,3498,[3498],[2598.58491195],2598.584911954751,False,True,True,True,919.4452112556273,919.445211255625,"{3: 479, 24: 1099, 165: 32}","{24: 1038, 42: 349, 165: 73}"
sub-via457,CFIN,5108,[5108],[3899.4714847],3899.471484696352,False,True,True,True,1407.4718684748568,1407.471868474856,5054,[5054],[3856.57324881],3856.5732488131225,False,True,True,True,1444.236108417926,1444.2361084179347,"{3: 492, 24: 1442, 165: 122}","{24: 1420, 42: 506, 165: 164, 258: 1}"
sub-via506,CFIN,3746,[3746],[2780.12434205],2780.124342045112,False,True,True,True,1046.1071829550945,1046.1071829550942,4298,[4298],[3158.75345671],3158.7534567121397,False,True,True,True,1170.7300733621232,1170.7300733621264,"{3: 756, 24: 763, 165: 24}","{24: 1155, 42: 549, 165: 47}"
sub-via513,CFIN,5126,[5126],[3798.74666626],3798.7466662606976,False,True,True,True,1409.1562468812062,1409.1562468812044,5408,[5408],[4072.09778088],4072.0977808804846,False,True,True,True,1499.072699962655,1499.072699962656,"{3: 756, 24: 1215, 165: 74}","{24: 1188, 42: 905, 165: 92}"
sub-via171,CFIN,4226,[4226],[3188.37558815],3188.3755881526204,False,True,True,True,1146.5757862115352,1146.5757862115352,4312,[4312],[3237.1707802],3237.1707802032156,False,True,True,True,1187.198419278734,1187.1984192787377,"{3: 283, 24: 1358, 165: 37}","{24: 1405, 42: 285, 165: 47}"
sub-via205,CFIN,4616,[4616],[3390.51113611],3390.511136111261,False,True,True,True,1231.1074014644237,1231.1074014644191,4768,[4768],[3526.20186863],3526.2018686301785,False,True,True,True,1312.4531314071537,1312.4531314071514,"{3: 478, 24: 1333, 165: 16}","{24: 1510, 42: 401, 165: 14}"
sub-via118,CFIN,5178,[5178],[3909.18659354],3909.186593537506,False,True,True,True,1439.9841683939321,1439.984168393938,5170,[5170],[3855.18844575],3855.188445751553,False,True,True,True,1410.1980426851514,1410.1980426851496,"{3: 738, 24: 1353, 165: 11, 258: 2}","{24: 1392, 42: 615, 165: 41}"
sub-via152,CFIN,4904,[4904],[3623.84913676],3623.84913675598,False,True,True,True,1313.8045785793638,1313.804578579363,4754,[4754],[3630.91975685],3630.9197568468653,False,True,True,True,1339.3651099859462,1339.3651099859476,"{3: 556, 24: 1406, 165: 5}","{24: 1478, 42: 433, 165: 44}"
sub-via259,CFIN,4718,[4718],[3569.67371767],3569.6737176681395,False,True,True,True,1306.88047675715,1306.88047675715,5156,[5156],[3836.89326447],3836.893264473655,False,True,True,True,1375.1290167256143,1375.1290167256125,"{3: 792, 24: 1073, 165: 56, 258: 2}","{24: 1355, 42: 600, 165: 70, 258: 2}"
sub-via300,CFIN,4562,[4562],[3388.20540302],3388.205403016164,False,True,True,True,1239.892445022614,1239.892445022616,3996,[3996],[3065.75062834],3065.750628343361,False,True,True,True,1140.533125458834,1140.53312545884,"{3: 643, 24: 1169, 165: 4}","{24: 1221, 42: 436, 165: 7}"
sub-via331,CFIN,2930,[2930],[2142.21316981],2142.2131698128046,False,True,True,True,766.6454679785948,766.6454679785984,3944,[3944],[2885.35550143],2885.3555014296926,False,True,True,True,1061.5171781013332,1061.5171781013355,"{3: 326, 24: 755, 165: 44}","{24: 1133, 42: 353, 165: 89, 258: 6}"
sub-via364,CFIN,4724,[4724],[3569.23833732],3569.238337316281,False,True,True,True,1303.9261707124115,1303.9261707124142,4566,[4566],[3396.65415688],3396.6541568826588,False,True,True,True,1234.4274800642797,1234.4274800642797,"{3: 451, 24: 1448, 165: 2}","{24: 1472, 42: 318, 165: 3}"
sub-via429,CFIN,3660,[3660],[2797.63025978],2797.6302597844033,False,True,True,True,1017.9566107027276,1017.9566107027285,3662,[3662],[2832.52352051],2832.5235205087756,False,True,True,True,1042.987793319733,1042.9877933197292,"{3: 248, 24: 1251, 165: 4}","{24: 1279, 42: 234, 165: 9}"
sub-via494,CFIN,4442,[4442],[3313.95112372],3313.951123720027,False,True,True,True,1197.0689707078482,1197.0689707078445,2210,[2210],[1582.91753637],1582.9175363738857,False,True,True,True,593.2657581387975,593.2657581387969,"{3: 429, 24: 1232, 165: 70, 258: 7}","{24: 764, 42: 135, 165: 4}"
sub-via511,CFIN,3794,[3794],[2735.09093353],2735.090933534641,True,False,True,True,-1.0,-1.0,3466,[3466],[2633.98424811],2633.984248108116,False,True,True,True,970.6233568866346,970.6233568866319,"{2: 1, 3: 553, 24: 801, 165: 131, 258: 1}","{24: 1070, 42: 348, 165: 31, 258: 2}"
sub-via238,CFIN,4578,[4578],[3467.325066],3467.3250660000404,False,True,True,True,1261.0697122701313,1261.0697122701204,5052,[5052],[3790.20609816],3790.2060981649474,False,True,True,True,1368.117269794434,1368.117269794436,"{2: 19, 3: 742, 24: 1089, 165: 16}","{24: 1240, 41: 1, 42: 657, 165: 118, 258: 1}"
sub-via293,CFIN,4648,[4648],[3421.15202772],3421.1520277172444,False,True,True,True,1253.5563152985924,1253.5563152985924,4084,[4084],[3022.83825671],3022.838256705047,False,True,True,True,1105.6875788380055,1105.6875788380014,"{3: 728, 24: 960, 165: 97, 258: 60}","{24: 734, 42: 870, 77: 3, 165: 54}"
sub-via320,CFIN,4764,[4764],[3503.59420201],3503.594202009698,False,True,True,True,1288.7168501020988,1288.7168501021033,5082,[5082],[3790.68329165],3790.6832916506114,False,True,True,True,1407.2781828058796,1407.278182805876,"{3: 769, 24: 1082, 165: 11}","{24: 1234, 42: 682, 165: 122, 258: 5}"
sub-via355,CFIN,4390,[4390],[3264.36461046],3264.364610463792,False,True,True,True,1203.963894986834,1203.9638949868372,4396,[4396],[3324.27631722],3324.276317217621,False,True,True,True,1193.5216321446733,1193.5216321446726,"{3: 279, 24: 1336, 165: 142, 258: 9}","{24: 1375, 42: 265, 165: 109}"
sub-via391,CFIN,5500,[5500],[4153.56233577],4153.562335767056,False,True,True,True,1479.0724639483387,1479.0724639483342,4574,[4574],[3464.87785593],3464.8778559330417,False,True,True,True,1233.4860338650724,1233.4860338650801,"{2: 8, 3: 633, 24: 1462, 165: 82}","{24: 1247, 41: 2, 42: 544, 165: 22}"
sub-via444,CFIN,4994,[4994],[3763.21775329],3763.217753292598,False,True,True,True,1377.5284034311726,1377.5284034311774,4738,[4738],[3605.00508881],3605.0050888136293,False,True,True,True,1340.7324668487645,1340.73246684876,"{2: 6, 3: 934, 24: 966, 165: 111, 258: 1}","{24: 988, 42: 880, 165: 91}"
sub-via485,CFIN,5456,[5456],[3989.18363383],3989.1836338328244,False,True,True,True,1445.1455246638689,1445.1455246638816,5400,[5400],[4014.21118315],4014.2111831531092,False,True,True,True,1450.99050789599,1450.9905078959896,"{2: 5, 3: 850, 24: 1121, 165: 164, 258: 1}","{24: 1168, 42: 757, 165: 204, 258: 2}"
sub-via050,CFIN,5454,[5454],[4092.97859791],4092.9785979132007,False,True,True,True,1465.2268387686354,1465.226838768629,5348,[5348],[3961.73056751],3961.730567506747,False,True,True,True,1428.5547949253191,1428.5547949253228,"{3: 639, 24: 1486, 165: 31}","{24: 1544, 42: 526, 165: 23}"
sub-via017,CFIN,4870,[4870],[3647.77302994],3647.773029943316,False,True,True,True,1299.5903088106334,1299.5903088106343,3346,[3346],[2463.67836961],2463.678369612289,False,True,True,True,878.7674751310201,878.7674751310187,"{3: 653, 24: 1197, 165: 60}","{24: 838, 42: 400, 165: 56}"
sub-via010,CFIN,4912,[4912],[3705.69425573],3705.694255734241,False,True,True,True,1368.12086356099,1368.1208635609855,5052,[5052],[3788.73301587],3788.733015867663,False,True,True,True,1365.3548989289502,1365.354898928953,"{3: 546, 24: 1447, 165: 15}","{24: 1261, 41: 2, 42: 661, 77: 3, 165: 67, 258: 11}"
sub-via051,CFIN,4186,[4186],[3096.74286067],3096.7428606682975,False,True,True,True,1119.4445724121233,1119.4445724121179,3702,[3702],[2820.54026741],2820.540267405869,False,True,True,True,1013.1074257112627,1013.1074257112632,"{2: 6, 3: 428, 24: 1040, 165: 179, 258: 5}","{24: 1067, 42: 261, 165: 155, 258: 4}"
sub-via019,CFIN,4682,[4682],[3448.57674573],3448.576745725761,False,True,True,True,1271.754367578108,1271.7543675781053,4460,[4460],[3381.8749576],3381.8749575999705,False,True,True,True,1255.8965091106447,1255.8965091106465,"{3: 608, 24: 1136, 165: 116, 258: 3}","{24: 1203, 42: 489, 165: 125, 258: 30}"
sub-via018,CFIN,5192,[5192],[3934.11654071],3934.116540714783,False,True,True,True,1432.159971141893,1432.159971141893,4444,[4444],[3391.33550428],3391.335504284205,False,True,True,True,1240.0860646473798,1240.086064647382,"{2: 1, 3: 716, 24: 1411, 165: 40}","{24: 1361, 41: 8, 42: 439, 165: 10}"
sub-via013,CFIN,5096,[5096],[3758.19333819],3758.1933381869435,False,True,True,True,1441.6942588138563,1441.69425881385,4808,[4808],[3580.2573693],3580.2573693032355,False,True,True,True,1300.2872317920883,1300.2872317920865,"{2: 5, 3: 664, 24: 1428, 165: 18}","{24: 1364, 41: 5, 42: 533, 165: 7}"
sub-via052,CFIN,4930,[4930],[3711.09106979],3711.09106979291,False,True,True,True,1347.0742152783187,1347.0742152783205,4338,[4338],[3275.37722529],3275.377225286495,False,True,True,True,1193.16155774838,1193.161557748378,"{3: 691, 24: 1167, 165: 123, 258: 2}","{24: 961, 42: 688, 165: 102}"
sub-via015,CFIN,4282,[4282],[3177.17420373],3177.174203728586,False,True,True,True,1166.825346466234,1166.8253464662303,5124,[5124],[3777.83014926],3777.8301492575783,False,True,True,True,1380.1787428541288,1380.1787428541265,"{2: 5, 3: 637, 24: 1009, 165: 61}","{24: 1211, 41: 1, 42: 852, 165: 92}"
sub-via014,CFIN,3004,[3004],[2217.69504832],2217.6950483192722,False,True,True,True,784.447967963526,784.4479679635297,3694,[3694],[2744.32967132],2744.329671324687,False,True,True,True,986.8430690165555,986.8430690165551,"{3: 591, 24: 1660, 165: 118}","{24: 1093, 42: 650, 165: 82}"
sub-via451,CFIN,4630,[4630],[3443.09613732],3443.0961373237483,False,True,True,True,1267.9403263706718,1267.9403263706681,4698,[4698],[3521.44292006],3521.442920064445,False,True,True,True,1273.621575208369,1273.6215752083685,"{3: 450, 24: 1375, 165: 58}","{24: 1310, 42: 522, 165: 67}"
sub-via396,CFIN,5964,[5964],[4475.02715827],4475.027158267183,False,True,True,True,1616.465384576155,1616.4653845761486,5694,[5694],[4319.80040827],4319.800408273138,False,True,True,True,1608.4141586262558,1608.4141586262558,"{3: 812, 24: 1242, 165: 241, 258: 71}","{24: 1398, 42: 744, 165: 175, 258: 20}"
sub-via422,CFIN,5180,[5180],[3817.71095058],3817.710950576422,False,True,True,True,1405.261463388345,1405.2614633883422,5060,[5060],[3813.7675017],3813.767501696961,False,True,True,True,1368.1189218703357,1368.1189218703348,"{0: 6, 3: 621, 24: 1209, 165: 256, 258: 8}","{0: 22, 24: 1171, 42: 597, 165: 211, 258: 3}"
sub-via519,CFIN,4664,[4664],[3384.46527725],3384.465277254963,True,False,True,True,-1.0,-1.0,4314,[4314],[3180.64800978],3180.648009779288,False,True,True,True,1141.217677998404,1141.2176779984047,"{3: 469, 24: 1352, 165: 24}","{24: 1256, 42: 394, 165: 24}"
sub-via235,CFIN,4632,[4632],[3413.98822313],3413.988223129786,False,True,True,True,1275.0196724550515,1275.0196724550497,4770,[4770],[3552.0756455],3552.0756455035616,False,True,True,True,1297.5849057321975,1297.5849057321939,"{2: 7, 3: 484, 24: 1343, 165: 29}","{24: 1435, 42: 452, 165: 17}"
sub-via289,CFIN,4378,[4378],[3207.88468117],3207.884681167002,False,True,True,True,1176.604060774087,1176.6040607740879,4242,[4242],[3218.86606668],3218.8660666783726,False,True,True,True,1166.567610955733,1166.5676109557353,"{3: 667, 24: 986, 165: 76}","{24: 883, 42: 644, 165: 147, 258: 33}"
sub-via351,CFIN,5322,[5322],[3965.58575735],3965.585757346794,False,True,True,True,1475.1682047065942,1475.1682047065924,5086,[5086],[3764.99944369],3764.9994436944903,False,True,True,True,1375.5240093942407,1375.5240093942489,"{3: 322, 24: 1804, 165: 57}","{24: 1831, 42: 122, 165: 50}"
sub-via319,CFIN,3748,[3748],[2808.58782644],2808.587826441859,False,True,True,True,995.724393550574,995.7243935505767,4098,[4098],[3085.76285336],3085.7628533611914,False,True,True,True,1102.0273556004236,1102.0273556004227,"{3: 525, 24: 928, 165: 9}","{24: 1053, 42: 531, 165: 27}"
sub-via390,CFIN,4224,[4224],[3199.8069879],3199.8069879048367,False,True,True,True,1173.780952575975,1173.7809525759785,4540,[4540],[3386.60844728],3386.6084472822436,False,True,True,True,1245.4383530208925,1245.4383530208943,"{3: 305, 24: 1374, 165: 40}","{24: 1431, 42: 311, 165: 66, 258: 9}"
sub-via483,CFIN,4654,[4654],[3428.34127151],3428.3412715072486,False,True,True,True,1258.4575166057475,1258.4575166057466,5032,[5032],[3799.13730386],3799.137303862637,False,True,True,True,1405.6116340132626,1405.6116340132612,"{3: 594, 24: 1219, 165: 30}","{24: 1413, 42: 581, 165: 61, 258: 1}"
sub-via114,CFIN,5374,[5374],[3995.80632748],3995.806327482783,False,True,True,True,1446.8769661121605,1446.8769661121614,5722,[5722],[4280.77673806],4280.776738059261,False,True,True,True,1585.7835457340707,1585.7835457340752,"{3: 658, 24: 1307, 165: 129, 258: 13}","{24: 1524, 42: 644, 165: 132}"
sub-via151,CFIN,4446,[4446],[3285.84017745],3285.8401774504255,False,True,True,True,1172.9334882605053,1172.9334882605035,4476,[4476],[3351.04286087],3351.0428608745347,False,True,True,True,1224.734723236843,1224.734723236841,"{3: 412, 24: 1274, 165: 40}","{24: 1389, 42: 377, 165: 37}"
sub-via053,CFIN,4188,[4188],[3155.13695565],3155.1369556495065,False,True,True,True,1166.8364536283598,1166.8364536283589,4694,[4694],[3499.38902295],3499.389022953551,False,True,True,True,1285.2702615614328,1285.2702615614282,"{2: 3, 3: 893, 24: 781, 165: 50}","{24: 1068, 41: 2, 42: 738, 165: 90}"
sub-via208,CFIN,4610,[4610],[3489.26204374],3489.262043737824,False,True,True,True,1257.3808177165574,1257.3808177165597,4866,[4866],[3642.70637666],3642.706376663023,False,True,True,True,1334.9455646118913,1334.9455646118909,"{3: 463, 24: 1341, 165: 46}","{24: 1365, 42: 492, 165: 70, 258: 14}"
sub-via220,CFIN,5212,[5212],[3983.69984566],3983.699845663251,False,True,True,True,1442.5070962531317,1442.5070962531363,5340,[5340],[4079.08264083],4079.0826408275775,False,True,True,True,1470.923972147998,1470.9239721479976,"{3: 731, 24: 1340, 165: 156}","{24: 1452, 42: 579, 165: 126}"
sub-via274,CFIN,5198,[5198],[3782.46553936],3782.465539362943,False,True,True,True,1394.1340471284493,1394.1340471284448,4582,[4582],[3385.02513044],3385.0251304425187,False,True,True,True,1239.8885254217198,1239.8885254217203,"{3: 487, 24: 1549, 165: 106}","{24: 1497, 42: 336, 165: 82}"
sub-via305,CFIN,4554,[4554],[3399.46408432],3399.464084323133,False,True,True,True,1268.7061038617294,1268.7061038617267,4472,[4472],[3420.50059334],3420.500593342388,False,True,True,True,1302.5753602545083,1302.5753602545128,"{2: 24, 3: 733, 24: 1011, 165: 106, 258: 3}","{24: 1208, 42: 621, 165: 68}"
sub-via337,CFIN,3820,[3820],[2809.40541973],2809.4054197277605,False,True,True,True,1030.5235274692195,1030.5235274692195,3612,[3612],[2758.59989102],2758.5998910191506,False,True,True,True,984.1338960630962,984.1338960630965,"{3: 555, 24: 886, 165: 77}","{24: 989, 42: 402, 165: 59}"
sub-via375,CFIN,5566,[5566],[4106.08272209],4106.082722092898,False,True,True,True,1508.9673535400443,1508.9673535400398,5986,[5986],[4342.04301368],4342.043013683997,False,True,True,True,1614.5766094519893,1614.5766094519856,"{3: 647, 24: 1567, 165: 4}","{24: 1693, 42: 628, 165: 15}"
sub-via435,CFIN,3546,[3546],[2743.18714512],2743.1871451219063,False,True,True,True,982.1241808722862,982.1241808722898,3782,[3782],[2880.46245538],2880.46245538412,False,True,True,True,1010.7675441452511,1010.7675441452488,"{3: 414, 24: 1028, 165: 3}","{24: 1007, 42: 443, 165: 39}"
sub-via443,CFIN,4276,[4276],[3186.90325136],3186.903251361136,False,True,True,True,1176.8829353454748,1176.8829353454694,4108,[4108],[3062.7695032],3062.7695031970084,False,True,True,True,1094.9775169202499,1094.9775169202528,"{3: 670, 24: 1011, 165: 46}","{24: 1019, 42: 474, 165: 126}"
sub-via356,CFIN,4580,[4580],[3331.80226297],3331.8022629715424,False,True,True,True,1259.4474958414503,1259.4474958414576,4708,[4708],[3459.24573276],3459.2457327617694,False,True,True,True,1268.1859686346693,1268.1859686346697,"{3: 263, 24: 1550, 165: 35}","{24: 1490, 42: 324, 165: 33}"
sub-via392,CFIN,4926,[4926],[3571.21591505],3571.2159150523403,False,True,True,True,1295.9124169263682,1295.9124169263687,4368,[4368],[3316.79026654],3316.7902665421007,False,True,True,True,1206.4372433208723,1206.4372433208728,"{3: 559, 24: 1221, 165: 127, 258: 1}","{24: 1206, 42: 480, 165: 82}"
sub-via446,CFIN,4352,[4352],[3182.84305311],3182.843053112707,False,True,True,True,1155.0775216200727,1155.0775216200645,4308,[4308],[3191.34883647],3191.3488364739706,False,True,True,True,1177.9459910914989,1177.945991091498,"{2: 1, 3: 634, 24: 1047, 165: 48}","{24: 898, 42: 712, 165: 115}"
sub-via253,CFIN,4588,[4588],[3490.63092615],3490.6309261517476,False,True,True,True,1289.3583502410575,1289.3583502410647,4556,[4556],[3463.38772022],3463.387720215713,False,True,True,True,1260.4283455757186,1260.4283455757218,"{3: 555, 24: 1279, 165: 59, 258: 1}","{24: 1190, 42: 559, 165: 87, 258: 9}"
sub-via486,CFIN,3992,[3992],[3000.42047667],3000.420476670117,False,True,True,True,1098.836401417575,1098.8364014175804,4382,[4382],[3342.37084199],3342.370841991748,False,True,True,True,1217.079099151253,1217.0790991512526,"{3: 375, 24: 1130, 165: 121, 258: 8}","{24: 1148, 42: 493, 165: 130, 258: 11}"
sub-via297,CFIN,3576,[3576],[2675.06488492],2675.064884917996,False,True,True,True,976.2366284367154,976.2366284367117,4050,[4050],[3069.01761341],3069.017613405303,False,True,True,True,1099.823876221339,1099.8238762213368,"{3: 314, 24: 1100, 165: 24}","{24: 1219, 42: 406, 165: 9}"
sub-via326,CFIN,4742,[4742],[3616.60922997],3616.6092299660363,False,True,True,True,1314.9801790817664,1314.980179081761,4608,[4608],[3498.55218861],3498.552188605427,False,True,True,True,1267.324950259299,1267.3249502593026,"{2: 1, 3: 685, 24: 1045, 165: 184, 258: 6}","{24: 1112, 42: 621, 165: 123}"
sub-via173,CFIN,4320,[4320],[3304.44648395],3304.4464839474667,False,True,True,True,1219.9313770627068,1219.9313770627014,4736,[4736],[3721.97826681],3721.9782668088596,False,True,True,True,1351.5879013250324,1351.5879013250324,"{3: 750, 24: 1005, 165: 26}","{24: 1201, 42: 758, 165: 22}"
sub-via206,CFIN,5776,[5776],[4247.28167192],4247.281671915905,False,True,True,True,1545.191224277888,1545.1912242778926,5582,[5582],[4135.22204641],4135.222046411076,False,True,True,True,1510.797792272684,1510.7977922726895,"{3: 941, 24: 1152, 165: 147, 258: 18}","{24: 1207, 42: 874, 165: 135}"
sub-via214,CFIN,4746,[4746],[3540.44742427],3540.447424269346,False,True,True,True,1306.12052480258,1306.1205248025822,4358,[4358],[3250.24214137],3250.242141368848,False,True,True,True,1183.3441159119448,1183.344115911943,"{3: 634, 24: 1179, 165: 87, 258: 13}","{24: 1197, 42: 453, 165: 127}"
sub-via269,CFIN,4516,[4516],[3420.64204895],3420.642048950975,False,True,True,True,1264.6081322217024,1264.6081322217024,4734,[4734],[3535.98008848],3535.9800884835454,False,True,True,True,1283.74552165372,1283.7455216537255,"{3: 438, 24: 1324, 165: 111, 258: 1}","{24: 1295, 42: 531, 165: 59, 258: 1}"
sub-via303,CFIN,4664,[4664],[3477.70576596],3477.7057659550883,False,True,True,True,1250.698945216865,1250.698945216866,4684,[4684],[3575.55068708],3575.550687082648,False,True,True,True,1289.6682787391856,1289.6682787391837,"{3: 420, 24: 1393, 165: 2}","{24: 1571, 42: 290, 165: 15}"
sub-via361,CFIN,5190,[5190],[3813.34435909],3813.3443590891206,False,True,True,True,1370.4934827648822,1370.493482764885,4996,[4996],[3807.52674416],3807.52674415803,False,True,True,True,1410.0753759923457,1410.0753759923464,"{3: 772, 24: 1158, 165: 74}","{24: 1336, 42: 642, 165: 100}"
sub-via489,CFIN,4216,[4216],[3166.81627757],3166.816277572808,False,True,True,True,1169.9108922077612,1169.910892207753,4346,[4346],[3258.89425531],3258.8942553118704,False,True,True,True,1218.9396998330294,1218.9396998330276,"{3: 375, 24: 1186, 165: 141, 258: 10}","{24: 1311, 42: 325, 165: 127, 258: 20}"
sub-via294,CFIN,4516,[4516],[3375.58114481],3375.5811448078143,False,True,True,True,1253.9793676486688,1253.9793676486734,4566,[4566],[3456.19554202],3456.1955420229065,False,True,True,True,1293.9915049686806,1293.9915049686779,"{3: 441, 24: 1346, 165: 46, 258: 1}","{24: 1484, 42: 360, 165: 32}"
sub-via438,CFIN,4166,[4166],[3133.70446881],3133.7044688122296,False,True,True,True,1128.9227888274602,1128.9227888274609,4262,[4262],[3236.96728922],3236.967289221233,False,True,True,True,1208.8224239469305,1208.8224239469237,"{3: 537, 24: 1036, 165: 74}","{24: 974, 42: 744, 165: 54}"
sub-via452,CFIN,4502,[4502],[3389.15830609],3389.158306085134,False,True,True,True,1229.0704789611154,1229.0704789611145,4084,[4084],[3149.23737908],3149.2373790833344,False,True,True,True,1149.982658776569,1149.9826587765665,"{3: 533, 24: 1129, 165: 120, 258: 2}","{24: 1154, 42: 429, 165: 101}"
sub-via358,CFIN,4746,[4746],[3563.10157385],3563.1015738530095,False,True,True,True,1320.1592421765117,1320.1592421765145,4636,[4636],[3460.53107144],3460.53107144369,False,True,True,True,1243.5218488726468,1243.5218488726514,"{3: 572, 24: 1178, 165: 149, 258: 21}","{24: 1271, 42: 386, 165: 155, 258: 11}"
sub-via405,DRCMR,5424,[5424],[4065.0878276],4065.0878275988716,False,True,True,True,1451.7335552773566,1451.7335552773593,3634,[3634],[2710.81698479],2710.816984792166,False,True,True,True,940.5327262312276,940.5327262312263,"{2: 1, 3: 1160, 24: 878, 165: 116, 258: 5}","{24: 1041, 42: 778, 165: 106, 258: 10}"
sub-via407,DRCMR,4848,[4848],[3685.46490967],3685.4649096662774,False,True,True,True,1338.8690649802083,1338.869064980212,4592,[4592],[3451.76303895],3451.7630389487176,False,True,True,True,1235.2901697316067,1235.2901697316047,"{3: 665, 24: 1277, 165: 2}","{24: 1330, 42: 466, 165: 8}"
sub-via078,DRCMR,3800,[3800],[2765.72347092],2765.723470917717,False,True,True,True,1009.222299910266,1009.2222999102678,3816,[3816],[2859.40654744],2859.4065474410486,False,True,True,True,1010.036554078687,1010.0365540786916,"{2: 1, 3: 519, 24: 860, 165: 125, 258: 6}","{24: 971, 42: 559, 165: 106}"
sub-via448,DRCMR,4046,[4046],[2917.15827017],2917.15827016835,True,False,True,True,-1.0,-1.0,3276,[3276],[2493.99985582],2493.9998558167317,False,True,True,True,898.2230744360778,898.2230744360796,"{0: 2, 2: 3, 3: 332, 24: 1163, 165: 58}","{0: 1, 24: 1030, 42: 252, 165: 36}"
sub-via462,DRCMR,5756,[5756],[4276.08040121],4276.080401211313,False,True,True,True,1558.9029449378158,1558.9029449378177,5690,[5690],[4299.83098993],4299.830989925363,False,True,True,True,1539.6267260643817,1539.6267260643817,"{2: 1, 3: 535, 24: 1386, 165: 292, 258: 75}","{24: 1401, 42: 659, 165: 203, 258: 5}"
sub-via449,DRCMR,4300,[4300],[3246.6303503],3246.6303503002955,True,False,True,True,-1.0,-1.0,4842,[4842],[3690.72685217],3690.7268521692226,False,True,True,True,1321.3422578846985,1321.3422578846994,"{2: 9, 3: 781, 24: 925, 165: 44}","{24: 738, 41: 9, 42: 1119, 165: 82}"
sub-via476,DRCMR,4396,[4396],[3297.73852407],3297.7385240685826,False,True,True,True,1191.7571782237942,1191.757178223791,4216,[4216],[3212.0996862],3212.099686199597,False,True,True,True,1193.3249517577624,1193.3249517577628,"{3: 582, 24: 1149, 165: 7}","{24: 1271, 42: 462, 165: 15}"
sub-via471,DRCMR,4348,[4348],[3244.87335609],3244.873356087209,False,True,True,True,1188.7095693730607,1188.7095693730598,4024,[4024],[3015.80573265],3015.8057326517337,False,True,True,True,1108.1908355575683,1108.1908355575745,"{3: 579, 24: 1139, 165: 16}","{24: 1164, 42: 456, 165: 6}"
sub-via282,DRCMR,5284,[5284],[3961.08676704],3961.086767042455,False,True,True,True,1448.16629929383,1448.1662992938327,4586,[4586],[3451.14053868],3451.140538676384,False,True,True,True,1235.7534429907264,1235.7534429907273,"{0: 7, 3: 343, 24: 1520, 165: 247, 258: 3}","{0: 4, 24: 1330, 42: 261, 165: 212}"
sub-via499,DRCMR,4536,[4536],[3413.12360774],3413.123607741751,False,True,True,True,1230.6494419874489,1230.6494419874516,5124,[5124],[3808.90174261],3808.901742613506,False,True,True,True,1419.8806359459613,1419.880635945967,"{3: 753, 24: 1049, 165: 1}","{24: 1204, 42: 880, 165: 1}"
sub-via387,DRCMR,5200,[5200],[3946.00708966],3946.0070896646607,False,True,True,True,1437.2589342811752,1437.2589342811789,4192,[4192],[3155.02715115],3155.0271511492897,False,True,True,True,1124.6412355721195,1124.6412355721177,"{3: 713, 24: 1265, 165: 114}","{24: 1130, 42: 449, 165: 77, 258: 1}"
sub-via044,DRCMR,3650,[3650],[2778.33781517],2778.3378151719116,False,True,True,True,986.463336006258,986.4633360062617,3860,[3860],[2945.08734844],2945.0873484371664,False,True,True,True,1051.7337158712517,1051.7337158712526,"{3: 467, 24: 993, 165: 2}","{24: 1071, 42: 477, 165: 3}"
sub-via353,DRCMR,4740,[4740],[3534.36295925],3534.36295924553,False,True,True,True,1297.8388532387744,1297.8388532387771,4344,[4344],[3271.49102089],3271.4910208875613,True,False,True,True,-1.0,-1.0,"{3: 307, 24: 1617, 165: 8}","{24: 1430, 42: 277, 165: 18, 258: 28}"
sub-via402,DRCMR,4284,[4284],[3158.64709137],3158.6470913676226,False,True,True,True,1164.0646460393518,1164.0646460393573,3648,[3648],[2725.84719102],2725.8471910222675,False,True,True,True,1007.8118116369965,1007.8118116369938,"{3: 467, 24: 1217, 165: 15}","{24: 1126, 42: 329, 165: 20}"
sub-via416,DRCMR,4348,[4348],[3278.78262399],3278.7826239859933,False,True,True,True,1233.5340407510057,1233.5340407510084,4228,[4228],[3220.63438093],3220.634380931513,False,True,True,True,1185.6215202738217,1185.6215202738204,"{3: 416, 24: 1368, 165: 1}","{24: 1275, 42: 443, 165: 13}"
sub-via004,DRCMR,4450,[4450],[3422.09786971],3422.097869705453,False,True,True,True,1254.3780587320807,1254.3780587320753,4014,[4014],[3096.11528893],3096.1152889294776,False,True,True,True,1130.3458166176665,1130.3458166176652,"{3: 320, 24: 1506, 165: 18}","{24: 1353, 42: 294, 165: 15}"
sub-via064,DRCMR,5380,[5380],[3989.18211542],3989.182115417368,False,True,True,True,1490.9022579672737,1490.9022579672728,4696,[4696],[3573.83965446],3573.8396544643,False,True,True,True,1333.6259411907713,1333.6259411907722,"{3: 498, 24: 1544, 165: 124, 258: 6}","{24: 1569, 42: 298, 165: 67, 258: 14}"
sub-via097,DRCMR,5164,[5164],[3844.16600763],3844.1660076314943,False,True,True,True,1390.9489543475975,1390.9489543475938,4406,[4406],[3345.63344393],3345.633443928291,False,True,True,True,1205.1522563775352,1205.152256377537,"{3: 775, 24: 1211, 165: 54}","{24: 1286, 42: 413, 165: 61, 258: 1}"
sub-via088,DRCMR,4386,[4386],[3249.13082189],3249.1308218943896,False,True,True,True,1188.4935923117155,1188.493592311719,3924,[3924],[2913.87935266],2913.8793526569298,False,True,True,True,1081.498932848921,1081.4989328489228,"{3: 370, 24: 1275, 165: 99, 258: 1}","{24: 1197, 42: 313, 165: 64}"
sub-via400,DRCMR,4704,[4704],[3542.78456971],3542.784569705008,False,True,True,True,1320.1198078066927,1320.119807806699,4454,[4454],[3399.09777811],3399.0977781114416,False,True,True,True,1278.1610592236757,1278.1610592236775,"{3: 560, 24: 1333, 165: 30}","{24: 1258, 42: 552, 165: 37}"
sub-via408,DRCMR,5026,[5026],[3775.49861465],3775.498614654507,True,False,True,True,-1.0,-1.0,4680,[4680],[3483.26689434],3483.2668943371664,False,True,True,True,1262.1159613019886,1262.1159613019877,"{3: 641, 24: 1210, 165: 113, 258: 11}","{24: 1283, 42: 485, 165: 75, 258: 2}"
sub-via504,DRCMR,4898,[4898],[3759.7176631],3759.7176631047387,False,True,True,True,1348.0290498523082,1348.0290498523063,5594,[5594],[4346.47617377],4346.476173769014,False,True,True,True,1617.0834208311317,1617.0834208311326,"{3: 883, 24: 1055, 165: 11, 258: 13}","{24: 1468, 42: 859, 165: 26}"
sub-via070,DRCMR,4562,[4562],[3375.98209367],3375.9820936668975,False,True,True,True,1214.802629644697,1214.8026296446997,4214,[4214],[3229.06630616],3229.0663061609653,False,True,True,True,1180.7108248664404,1180.710824866439,"{3: 403, 24: 1315, 165: 78, 258: 1}","{24: 1311, 42: 319, 165: 87}"
sub-via384,DRCMR,4944,[4944],[3640.86513208],3640.8651320783065,False,True,True,True,1317.9723217564624,1317.9723217564642,4408,[4408],[3270.30463038],3270.3046303758906,False,True,True,True,1172.5700761092048,1172.5700761092057,"{3: 523, 24: 1383, 165: 28, 258: 13}","{24: 1190, 42: 511, 165: 9}"
sub-via508,DRCMR,2214,[2214],[1630.42407923],1630.4240792297712,False,True,True,True,611.9489925639673,611.9489925639682,4316,[4316],[3302.65656062],3302.6565606212257,False,True,True,True,1230.95178385793,1230.9517838579322,"{3: 643, 24: 1167, 165: 96}","{24: 991, 42: 901, 165: 135, 258: 3}"
sub-via388,DRCMR,5324,[5324],[3995.32196268],3995.3219626844557,False,True,True,True,1462.949629754131,1462.9496297541327,5056,[5056],[3862.78903637],3862.7890363725464,False,True,True,True,1439.7407334878262,1439.7407334878312,"{3: 517, 24: 1393, 165: 197, 258: 31}","{24: 1363, 42: 640, 165: 105, 258: 4}"
sub-via410,DRCMR,4260,[4260],[3117.08148106],3117.0814810610636,False,True,True,True,1134.529784642019,1134.5297846420199,3854,[3854],[2895.98379692],2895.98379692416,False,True,True,True,1082.2255359781166,1082.225535978121,"{3: 319, 24: 1316, 165: 22, 258: 21}","{24: 1363, 42: 215, 165: 6}"
sub-via049,DRCMR,5228,[5228],[3942.7470364],3942.747036398971,False,True,True,True,1438.1773686291035,1438.177368629109,5028,[5028],[3804.13691745],3804.13691744608,False,True,True,True,1400.6870879451117,1400.6870879451128,"{2: 1, 3: 714, 24: 1384, 165: 18}","{24: 1545, 42: 505, 165: 1}"
sub-via091,DRCMR,4518,[4518],[3386.99443596],3386.994435958639,False,True,True,True,1218.9561088538394,1218.956108853843,4462,[4462],[3320.97718822],3320.9771882245054,False,True,True,True,1207.3927069418578,1207.3927069418655,"{3: 366, 24: 1258, 165: 169}","{24: 1218, 42: 474, 165: 158, 258: 13}"
sub-via411,DRCMR,5458,[5458],[4032.76607605],4032.766076050914,False,True,True,True,1437.3910106935964,1437.3910106935982,5198,[5198],[3878.31088513],3878.310885128675,False,True,True,True,1418.547686418472,1418.547686418473,"{3: 995, 24: 1115, 165: 25}","{24: 1268, 42: 819, 165: 21}"
sub-via385,DRCMR,4240,[4240],[3190.99039439],3190.9903943876407,False,True,True,True,1173.5753167886178,1173.5753167886132,4662,[4662],[3437.93194224],3437.931942236971,False,True,True,True,1284.3915706057273,1284.3915706057248,"{3: 783, 24: 926, 165: 3}","{24: 1396, 42: 471, 165: 2}"
sub-via077,DRCMR,4936,[4936],[3760.55261239],3760.5526123876175,False,True,True,True,1338.683364686909,1338.683364686909,4790,[4790],[3666.07499107],3666.074991071147,False,True,True,True,1339.1808126788915,1339.180812678892,"{3: 482, 24: 1481, 165: 6}","{24: 1116, 42: 832, 165: 9}"
sub-via039,DRCMR,4326,[4326],[3190.03011518],3190.0301151793915,False,True,True,True,1162.3085082031748,1162.3085082031712,4098,[4098],[3092.22933348],3092.2293334823603,False,True,True,True,1131.1582113995903,1131.1582113995908,"{3: 598, 24: 1075, 165: 54, 258: 2}","{24: 1100, 42: 514, 165: 70}"
sub-via083,DRCMR,4850,[4850],[3618.58567969],3618.5856796915405,False,True,True,True,1296.9139458820937,1296.9139458820932,4672,[4672],[3562.53652928],3562.536529277374,False,True,True,True,1277.0192689271107,1277.0192689271162,"{3: 766, 24: 1119, 165: 24, 258: 1}","{24: 1168, 42: 681, 165: 18, 258: 3}"
sub-via037,DRCMR,4672,[4672],[3482.44900264],3482.449002643284,False,True,True,True,1280.6127276522811,1280.6127276522802,4426,[4426],[3251.0724747],3251.072474695358,False,True,True,True,1198.5176180392154,1198.5176180392136,"{3: 467, 24: 1340, 165: 78, 258: 7}","{24: 1328, 42: 285, 165: 138, 258: 20}"
sub-via081,DRCMR,4392,[4392],[3294.250721],3294.2507209968758,False,True,True,True,1198.36671854576,1198.366718545767,3768,[3768],[2856.73148064],2856.7314806444733,False,True,True,True,1045.7254477461183,1045.7254477461229,"{3: 622, 24: 1083, 165: 45, 258: 9}","{24: 972, 42: 436, 165: 95, 258: 25}"
sub-via134,DRCMR,5720,[5720],[4178.79962445],4178.799624453721,False,True,True,True,1546.1341996594465,1546.1341996594447,5220,[5220],[3931.50568031],3931.505680308561,False,True,True,True,1446.7150162752941,1446.715016275295,"{3: 679, 24: 1552, 165: 36}","{24: 1443, 42: 657, 165: 20, 258: 10}"
sub-via020,DRCMR,3688,[3688],[2782.79257979],2782.7925797865105,False,True,True,True,991.855804149187,991.8558041491888,4172,[4172],[3160.70295155],3160.7029515491836,False,True,True,True,1142.8143280683553,1142.8143280683566,"{3: 260, 24: 1094, 165: 88, 258: 14}","{24: 1104, 42: 436, 165: 106, 258: 30}"
sub-via068,DRCMR,5864,[5864],[4454.8756444],4454.875644402844,True,False,True,True,-1.0,-1.0,6082,[6082],[4603.40094457],4603.400944570403,False,True,True,True,1696.6891462852254,1696.6891462852295,"{3: 1112, 24: 1248, 77: 1, 165: 20}","{24: 1416, 42: 1004, 165: 86, 258: 2}"
sub-via100,DRCMR,4472,[4472],[3231.52381357],3231.523813572367,False,True,True,True,1189.5989290214447,1189.5989290214384,4242,[4242],[3100.50085382],3100.5008538208917,False,True,True,True,1135.7658135304519,1135.765813530451,"{3: 665, 24: 1053, 165: 23, 258: 4}","{24: 1171, 42: 452, 165: 39, 258: 12}"
sub-via478,DRCMR,4046,[4046],[3051.42618874],3051.426188737177,False,True,True,True,1127.2679136508114,1127.2679136508095,4526,[4526],[3373.59655802],3373.5965580182624,False,True,True,True,1248.1589887909313,1248.158988790925,"{3: 805, 24: 825, 165: 32, 258: 6}","{24: 1057, 42: 808, 165: 11}"
sub-via109,DRCMR,4678,[4678],[3565.35953049],3565.3595304897785,False,True,True,True,1291.1249580845379,1291.1249580845297,4184,[4184],[3134.5864715],3134.586471498883,False,True,True,True,1178.0048727274102,1178.004872727411,"{3: 693, 24: 1188, 165: 9}","{24: 1245, 42: 477, 165: 3}"
sub-via344,DRCMR,5508,[5508],[4118.07717032],4118.077170321181,False,True,True,True,1505.9649688389045,1505.964968838909,5316,[5316],[4078.11225316],4078.1122531574847,False,True,True,True,1509.3789908650579,1509.3789908650551,"{3: 588, 24: 1580, 165: 26}","{24: 1648, 42: 456, 165: 85}"
sub-via249,DRCMR,4360,[4360],[3145.92718359],3145.9271835877985,True,False,True,True,-1.0,-1.0,4604,[4604],[3395.0231045],3395.0231045024384,False,True,True,True,1215.3561367885957,1215.356136788597,"{2: 4, 3: 576, 24: 1067, 165: 29}","{24: 1170, 41: 1, 42: 591, 165: 23}"
sub-via125,DRCMR,4298,[4298],[3141.23225451],3141.2322545123366,False,True,True,True,1152.8744084954888,1152.8744084954824,3460,[3460],[2607.69388093],2607.693880934634,False,True,True,True,951.4412430393054,951.4412430393045,"{3: 738, 24: 903, 165: 63, 258: 6}","{24: 990, 42: 368, 165: 38, 258: 5}"
sub-via131,DRCMR,4734,[4734],[3557.90262505],3557.9026250523407,False,True,True,True,1278.542280037148,1278.5422800371543,4244,[4244],[3298.97573595],3298.975735949092,False,True,True,True,1201.5424798227943,1201.5424798227928,"{3: 341, 24: 1454, 165: 55, 258: 4}","{24: 1433, 42: 260, 165: 57}"
sub-via124,DRCMR,4298,[4298],[3268.92527288],3268.9252728770293,False,True,True,True,1173.1734784067912,1173.1734784067912,4400,[4400],[3338.34232188],3338.342321882669,False,True,True,True,1217.9500594326955,1217.9500594326946,"{3: 562, 24: 1133, 165: 31}","{24: 1371, 42: 389, 165: 17}"
sub-via350,DRCMR,5898,[5898],[4389.89613586],4389.896135858322,False,True,True,True,1558.5802618663083,1558.5802618663092,4486,[4486],[3364.49901929],3364.4990192902,False,True,True,True,1229.9615449969397,1229.9615449969374,"{3: 834, 24: 1400, 165: 63, 258: 20}","{24: 1215, 42: 530, 165: 60}"
sub-via186,DRCMR,4312,[4312],[3247.63185483],3247.6318548252807,False,True,True,True,1155.3946016732625,1155.3946016732725,3968,[3968],[3031.18638018],3031.186380175851,False,True,True,True,1099.5819257710918,1099.5819257710955,"{3: 540, 24: 1153, 165: 3}","{24: 1098, 42: 519}"
sub-via162,DRCMR,4574,[4574],[3498.52738986],3498.527389864632,False,True,True,True,1258.6321181873773,1258.632118187379,4524,[4524],[3326.51691511],3326.516915109705,False,True,True,True,1217.5532413490737,1217.5532413490737,"{3: 422, 24: 1408, 165: 5}","{24: 1601, 42: 183, 165: 4}"
sub-via175,DRCMR,5318,[5318],[3977.98128304],3977.981283038803,False,True,True,True,1414.0517805253394,1414.0517805253444,4682,[4682],[3603.42926963],3603.429269627272,False,True,True,True,1310.1219731594174,1310.121973159421,"{3: 575, 24: 1431, 165: 103, 258: 3}","{24: 1532, 42: 282, 165: 111}"
sub-via191,DRCMR,1976,[1976],[1393.42049226],1393.4204922562444,False,True,True,True,516.4778992791175,516.4778992791179,2548,[2548],[1834.33222107],1834.3322210706378,False,True,True,True,687.9568347601648,687.9568347601639,"{2: 10, 3: 1155, 24: 555, 165: 24, 258: 19}","{24: 630, 41: 18, 42: 882, 165: 67, 258: 9}"
sub-via005,DRCMR,4660,[4660],[3415.11303034],3415.113030344157,False,True,True,True,1234.4407824199507,1234.4407824199461,4992,[4992],[3768.80632178],3768.80632177601,False,True,True,True,1327.3838346127923,1327.3838346127955,"{2: 1, 3: 601, 24: 1125, 165: 93}","{24: 1277, 42: 643, 165: 119, 258: 5}"
sub-via065,DRCMR,3964,[3964],[2889.01092908],2889.010929081965,False,True,True,True,1071.2405858144639,1071.240585814463,4262,[4262],[3200.33385197],3200.33385196705,False,True,True,True,1164.0127715066692,1164.01277150667,"{2: 1, 3: 655, 24: 892, 165: 24, 258: 13}","{24: 1090, 42: 522, 165: 76}"
sub-via061,DRCMR,5214,[5214],[3744.28936987],3744.289369873697,True,False,True,True,-1.0,-1.0,2200,[2200],[1579.41110699],1579.4111069898534,False,True,True,True,583.6187851247118,583.6187851247116,"{3: 607, 24: 1361, 165: 360, 258: 104}","{24: 903, 41: 1, 42: 564, 165: 154, 258: 21}"
sub-via003,DRCMR,4660,[4660],[3519.45497256],3519.454972558042,False,True,True,True,1273.673340355237,1273.6733403552507,4876,[4876],[3645.68411438],3645.684114380509,False,True,True,True,1312.0881637499824,1312.0881637499801,"{2: 1, 3: 598, 24: 1276}","{24: 1143, 42: 786, 165: 1}"
sub-via092,DRCMR,4710,[4710],[3592.00367076],3592.003670762739,False,True,True,True,1316.6519844339682,1316.651984433971,4798,[4798],[3620.24401702],3620.244017020706,False,True,True,True,1354.8054923165491,1354.805492316553,"{3: 836, 24: 1070, 165: 10}","{24: 1325, 42: 566, 165: 89, 258: 22}"
sub-via123,DRCMR,4092,[4092],[2975.37824536],2975.3782453620706,False,True,True,True,1100.8432608362255,1100.8432608362236,4054,[4054],[3000.03644907],3000.0364490720617,False,True,True,True,1091.9680966738688,1091.9680966738688,"{3: 651, 24: 951, 165: 23}","{24: 850, 42: 713, 165: 46, 258: 2}"
sub-via102,DRCMR,3808,[3808],[2875.99053016],2875.9905301551917,False,True,True,True,1044.7776861775028,1044.7776861774983,4244,[4244],[3193.79503749],3193.7950374939987,False,True,True,True,1142.0596740814563,1142.0596740814663,"{3: 320, 24: 1140, 165: 90, 258: 10}","{24: 1274, 42: 332, 165: 72}"
sub-via149,DRCMR,4430,[4430],[3336.91072381],3336.9107238095494,False,True,True,True,1246.4492901546519,1246.449290154651,4398,[4398],[3352.24442782],3352.2444278170083,False,True,True,True,1235.6689848792685,1235.6689848792712,"{3: 485, 24: 1303, 165: 37, 258: 1}","{24: 1400, 42: 387, 165: 16}"
sub-via245,DRCMR,5018,[5018],[3661.47770087],3661.477700868329,False,True,True,True,1339.6161745260633,1339.6161745260624,4254,[4254],[3194.53684533],3194.5368453262367,False,True,True,True,1205.9546214474835,1205.954621447483,"{2: 2, 3: 780, 24: 1193, 165: 14}","{24: 880, 41: 7, 42: 855, 165: 19}"
sub-via168,DRCMR,4004,[4004],[3016.05132714],3016.0513271437003,False,True,True,True,1098.5546613794522,1098.5546613794531,4068,[4068],[3103.57613296],3103.57613295603,False,True,True,True,1117.8011760382947,1117.8011760382929,"{3: 515, 24: 1094, 165: 3}","{24: 1101, 42: 516, 165: 18}"
sub-via262,DRCMR,4716,[4716],[3537.02166842],3537.0216684199086,False,True,True,True,1263.6165553011024,1263.6165553011033,4600,[4600],[3410.99368461],3410.993684608136,False,True,True,True,1275.507283132556,1275.507283132557,"{0: 2, 3: 446, 24: 1296, 165: 120}","{0: 1, 24: 1210, 42: 549, 165: 109}"
sub-via234,DRCMR,4694,[4694],[3514.06044289],3514.0604428858396,False,True,True,True,1281.7880770932588,1281.7880770932588,4614,[4614],[3506.38467999],3506.384679986811,False,True,True,True,1260.6537931228631,1260.653793122865,"{3: 704, 24: 1113, 165: 69}","{24: 1249, 42: 512, 165: 82}"
sub-via193,DRCMR,4852,[4852],[3643.17142468],3643.171424681986,False,True,True,True,1326.29318487191,1326.2931848719118,4742,[4742],[3673.60886638],3673.6088663804353,False,True,True,True,1304.542952362378,1304.5429523623761,"{3: 563, 24: 1361, 165: 118, 258: 15}","{24: 1265, 42: 563, 165: 62, 258: 7}"
sub-via401,DRCMR,4018,[4018],[3072.95331784],3072.953317838497,False,True,True,True,1128.1628140884054,1128.1628140884013,3994,[3994],[2983.50189877],2983.501898769207,False,True,True,True,1103.4850673745536,1103.4850673745555,"{3: 298, 24: 1284, 165: 61}","{24: 1295, 42: 267, 165: 36}"
sub-via412,DRCMR,4962,[4962],[3695.74733192],3695.747331921497,False,True,True,True,1319.739632533453,1319.7396325334612,4660,[4660],[3548.64425647],3548.644256470153,False,True,True,True,1338.14807980573,1338.1480798057255,"{3: 529, 24: 1394, 165: 12}","{24: 1420, 42: 505, 77: 1, 165: 19}"
sub-via110,DRCMR,4562,[4562],[3384.92925748],3384.9292574770147,False,True,True,True,1211.9376196266567,1211.937619626664,4754,[4754],[3542.83018584],3542.8301858398536,False,True,True,True,1277.349523538417,1277.3495235384144,"{3: 520, 24: 1119, 165: 140, 258: 18}","{24: 1111, 42: 650, 165: 117, 258: 14}"
sub-via146,DRCMR,4816,[4816],[3532.96041423],3532.9604142300273,False,True,True,True,1314.4447016930253,1314.4447016930217,3962,[3962],[2956.43823877],2956.438238770769,False,True,True,True,1071.694660166674,1071.6946601666777,"{3: 409, 24: 1509, 165: 5}","{24: 1332, 42: 216, 165: 16}"
sub-via302,DRCMR,4156,[4156],[3174.29021018],3174.2902101832483,False,True,True,True,1167.3250760930246,1167.3250760930332,4510,[4510],[3392.8144109],3392.8144108960214,False,True,True,True,1236.4913385123837,1236.4913385123837,"{0: 5, 3: 416, 24: 1260, 165: 22}","{0: 7, 24: 1134, 42: 639, 77: 7, 165: 36}"
sub-via278,DRCMR,4574,[4574],[3471.43903616],3471.43903616319,False,True,True,True,1259.643222292134,1259.6432222921276,4094,[4094],[3050.69981263],3050.6998126322555,False,True,True,True,1091.6113507814234,1091.6113507814239,"{3: 601, 24: 1191, 165: 60}","{0: 1, 24: 1182, 42: 381, 165: 50, 258: 3}"
sub-via161,DRCMR,4504,[4504],[3386.16976921],3386.1697692121866,False,True,True,True,1258.7774122354672,1258.7774122354622,4278,[4278],[3197.00579615],3197.005796149496,False,True,True,True,1204.9663699999553,1204.9663699999564,"{3: 460, 24: 1363, 165: 20, 258: 1}","{24: 1357, 42: 398}"
sub-via288,DRCMR,4878,[4878],[3571.40429741],3571.404297405327,False,True,True,True,1304.830305571846,1304.8303055718397,4092,[4092],[3095.28658884],3095.286588837642,True,False,True,True,-1.0,-1.0,"{3: 742, 24: 1166, 165: 9}","{24: 952, 42: 670, 165: 6}"
sub-via230,DRCMR,5110,[5110],[3841.94947432],3841.949474316546,False,True,True,True,1399.8397791895732,1399.839779189575,4758,[4758],[3638.40367536],3638.4036753616933,False,True,True,True,1325.9040667546078,1325.9040667546078,"{3: 634, 24: 1239, 165: 167}","{0: 1, 24: 1243, 42: 611, 165: 93}"
sub-via377,DRCMR,5328,[5328],[3991.62881027],3991.628810267976,False,True,True,True,1448.8744429476865,1448.874442947682,4574,[4574],[3493.12439749],3493.1243974902536,False,True,True,True,1248.7035991467528,1248.7035991467483,"{3: 843, 24: 1268, 165: 19}","{24: 1102, 42: 650, 165: 52, 258: 17}"
sub-via509,DRCMR,5190,[5190],[3925.38805124],3925.388051239591,False,True,True,True,1430.656531783402,1430.6565317834065,4832,[4832],[3619.6532686],3619.653268601286,False,True,True,True,1339.7028576922621,1339.7028576922603,"{3: 798, 24: 1264, 165: 21, 258: 1}","{24: 1486, 41: 1, 42: 468, 165: 3}"
sub-via098,DRCMR,5190,[5190],[3910.6357335],3910.6357335016655,False,True,True,True,1386.1215916465608,1386.1215916465599,4932,[4932],[3702.0919007],3702.0919007040316,False,True,True,True,1357.0857052711444,1357.085705271147,"{2: 2, 3: 686, 24: 1340, 165: 3}","{24: 1320, 42: 604, 165: 63}"
sub-via133,DRCMR,4162,[4162],[3109.19848606],3109.1984860554276,False,True,True,True,1140.3472830870105,1140.3472830870141,4070,[4070],[2971.37676798],2971.376767975126,True,False,True,True,-1.0,-1.0,"{2: 1, 3: 600, 24: 1052, 165: 23}","{24: 960, 42: 608, 165: 29}"
sub-via130,DRCMR,4282,[4282],[3220.95859483],3220.9585948293425,False,True,True,True,1197.3831269592283,1197.3831269592283,4244,[4244],[3231.19511655],3231.195116553444,False,True,True,True,1171.573027779716,1171.573027779713,"{3: 399, 24: 1333, 165: 3}","{24: 1418, 42: 294, 165: 4, 258: 3}"
sub-via185,DRCMR,3984,[3984],[3010.97263191],3010.9726319102674,False,True,True,True,1066.0820694456706,1066.0820694456725,4216,[4216],[3170.87191139],3170.871911385761,False,True,True,True,1165.4478981039847,1165.4478981039938,"{3: 745, 24: 819, 165: 4}","{24: 1025, 42: 666, 165: 2}"
sub-via196,DRCMR,4484,[4484],[3301.40808737],3301.4080873712355,True,False,True,True,-1.0,-1.0,4358,[4358],[3293.36149442],3293.3614944199876,False,True,True,True,1201.9458499555167,1201.9458499555212,"{3: 435, 24: 1232, 165: 99, 258: 1}","{24: 1298, 42: 367, 165: 77}"
sub-via243,DRCMR,5216,[5216],[3890.06683609],3890.0668360926566,False,True,True,True,1442.0973997275323,1442.0973997275355,4548,[4548],[3466.92213064],3466.922130640655,False,True,True,True,1247.3935029862314,1247.3935029862305,"{0: 5, 3: 508, 24: 1443, 165: 159, 258: 1}","{0: 4, 24: 1284, 42: 380, 165: 167, 258: 1}"
sub-via368,DRCMR,4564,[4564],[3377.83777023],3377.8377702320313,False,True,True,True,1205.5879596713382,1205.5879596713385,3872,[3872],[2864.25466366],2864.254663664075,True,False,True,True,-1.0,-1.0,"{3: 366, 24: 1383, 165: 5}","{24: 1183, 42: 393}"
sub-via267,DRCMR,4660,[4660],[3541.42142774],3541.421427739639,False,True,True,True,1297.2648826040077,1297.2648826040022,4172,[4172],[3203.46929833],3203.469298327507,False,True,True,True,1163.2493228472404,1163.24932284724,"{0: 5, 3: 603, 24: 1095, 165: 175}","{0: 12, 24: 1190, 42: 343, 165: 194}"
sub-via176,DRCMR,4178,[4178],[3087.88829657],3087.888296574821,False,True,True,True,1101.7862469267366,1101.7862469267384,4402,[4402],[3311.07601683],3311.07601682755,False,True,True,True,1234.6687446033702,1234.668744603372,"{0: 4, 3: 555, 24: 871, 165: 242, 258: 21}","{24: 898, 42: 664, 165: 236}"
sub-via139,DRCMR,3328,[3328],[2505.79659544],2505.796595443431,False,True,True,True,872.2188685142755,872.2188685142764,4262,[4262],[3156.63071693],3156.6307169292486,False,True,True,True,1161.3667103297753,1161.366710329777,"{3: 449, 24: 850}","{24: 1167, 42: 519, 165: 11}"
sub-via285,DRCMR,4334,[4334],[3323.13805779],3323.1380577863524,False,True,True,True,1197.840167274915,1197.8401672749187,4112,[4112],[3120.5188747],3120.5188747017037,False,True,True,True,1169.8307951328584,1169.830795132856,"{3: 410, 24: 1295, 165: 103}","{24: 1084, 41: 1, 42: 579, 165: 61}"
sub-via172,DRCMR,6164,[6164],[4652.51695765],4652.516957646883,False,True,True,True,1693.2956738027315,1693.2956738027406,6034,[6034],[4504.45817716],4504.458177164568,False,True,True,True,1634.0722902423652,1634.072290242364,"{2: 3, 3: 969, 24: 1448, 165: 35}","{24: 1355, 42: 998, 165: 38, 258: 17}"
sub-via150,DRCMR,4534,[4534],[3456.99252955],3456.992529548589,False,True,True,True,1258.4035679951603,1258.4035679951457,4618,[4618],[3435.21973905],3435.2197390467645,False,True,True,True,1269.4334768587805,1269.4334768587796,"{3: 610, 24: 1227, 165: 5}","{24: 1238, 41: 2, 42: 584, 77: 1, 165: 16}"
sub-via316,DRCMR,3928,[3928],[2945.06972946],2945.069729461838,False,True,True,True,1061.574514654094,1061.5745146540921,4238,[4238],[3210.07734457],3210.0773445660748,False,True,True,True,1155.0950267994424,1155.095026799443,"{3: 659, 24: 1015, 165: 2}","{24: 1016, 42: 677, 165: 3}"
sub-via187,DRCMR,4050,[4050],[3090.40659747],3090.4065974662503,False,True,True,True,1120.7651251478655,1120.765125147871,4608,[4608],[3501.51027906],3501.5102790555893,False,True,True,True,1297.2758564101778,1297.2758564101823,"{3: 421, 24: 1217}","{24: 1604, 42: 301, 165: 3}"
sub-via217,DRCMR,4940,[4940],[3678.41463601],3678.4146360144036,False,True,True,True,1340.6407447848314,1340.6407447848312,4902,[4902],[3754.00402101],3754.004021013001,False,True,True,True,1347.9826641143723,1347.9826641143723,"{3: 711, 24: 1111, 165: 144, 258: 3}","{24: 1328, 42: 582, 165: 51}"
sub-via046,DRCMR,4328,[4328],[3280.85938183],3280.8593818261043,False,True,True,True,1209.7068089259274,1209.7068089259292,4274,[4274],[3205.59818941],3205.598189407581,False,True,True,True,1183.855791783093,1183.855791783094,"{2: 1, 3: 381, 24: 1350, 165: 33}","{24: 1474, 41: 1, 42: 387, 165: 11}"
sub-via090,DRCMR,4512,[4512],[3361.74390237],3361.743902368228,False,True,True,True,1243.226875130957,1243.2268751309566,3886,[3886],[2930.65528963],2930.655289629965,False,True,True,True,1085.016245136288,1085.0162451362899,"{3: 631, 24: 1108, 165: 72, 258: 10}","{24: 1175, 42: 331, 165: 88}"
sub-via023,DRCMR,3518,[3518],[2669.89868952],2669.8986895188546,False,True,True,True,970.0790502157852,970.0790502157861,4456,[4456],[3383.10836693],3383.108366932007,False,True,True,True,1227.292287138735,1227.2922871387354,"{3: 471, 24: 933, 165: 39}","{3: 1, 24: 1260, 42: 476, 165: 54}"
sub-via069,DRCMR,5072,[5072],[3702.54187772],3702.5418777227355,False,True,True,True,1374.5701509786009,1374.570150978599,4734,[4734],[3578.98614792],3578.98614791928,False,True,True,True,1291.0156133108983,1291.0156133108958,"{3: 463, 24: 1556}","{24: 1396, 42: 479, 165: 6}"
sub-via101,DRCMR,5144,[5144],[3814.83668803],3814.8366880268495,False,True,True,True,1427.9301451969932,1427.930145197005,5296,[5296],[3947.03465576],3947.0346557553703,False,True,True,True,1445.518699647621,1445.5186996476255,"{3: 336, 24: 1684, 165: 38}","{24: 1624, 42: 435, 165: 48}"
sub-via028,DRCMR,5154,[5154],[3719.35235113],3719.352351129172,False,True,True,True,1375.9212628911127,1375.9212628911064,4704,[4704],[3519.60647854],3519.606478542757,False,True,True,True,1268.3118148347908,1268.3118148347958,"{3: 310, 24: 1611, 165: 85, 258: 3}","{24: 1422, 42: 324, 165: 103, 258: 17}"
sub-via072,DRCMR,4786,[4786],[3532.24847089],3532.2484708913607,True,False,True,True,-1.0,-1.0,4598,[4598],[3502.04207697],3502.042076969727,False,True,True,True,1290.546696451037,1290.546696451036,"{3: 437, 24: 1368, 165: 57, 258: 2}","{24: 1397, 42: 367, 165: 117, 258: 1}"
sub-via127,DRCMR,3784,[3784],[2749.47148399],2749.471483989299,False,True,True,True,982.6670468408915,982.6670468408929,3148,[3148],[2327.46778254],2327.4677825386934,False,True,True,True,845.6343003585393,845.6343003585384,"{3: 352, 24: 1053, 165: 61}","{24: 950, 42: 303, 165: 33}"
sub-via135,DRCMR,2972,[2972],[1988.37625174],1988.3762517375596,False,True,True,True,808.4343310930399,808.4343310930435,2188,[2188],[1485.27226904],1485.2722690396472,False,True,True,True,529.2031927028015,529.2031927028022,"{2: 11, 3: 995, 24: 910, 165: 15}","{24: 1297, 41: 6, 42: 818, 77: 1, 165: 37, 258: 3}"
sub-via281,DRCMR,4362,[4362],[3314.93085257],3314.9308525664983,False,True,True,True,1200.842169694427,1200.8421696944251,4788,[4788],[3634.7788544],3634.778854398051,False,True,True,True,1329.3628578736073,1329.3628578736082,"{3: 670, 24: 1060, 165: 16}","{24: 1352, 42: 571, 165: 14, 258: 6}"
sub-via308,DRCMR,4998,[4998],[3704.83363435],3704.833634349899,False,True,True,True,1314.382542322093,1314.382542322096,4540,[4540],[3274.2249198],3274.2249197966835,False,True,True,True,1202.8546192451377,1202.8546192451377,"{3: 618, 24: 1231, 77: 15, 165: 66}","{24: 1172, 42: 499, 165: 83, 258: 7}"
sub-via277,DRCMR,4382,[4382],[3382.89084852],3382.8908485237694,False,True,True,True,1199.8526147027078,1199.8526147027042,4596,[4596],[3574.2276793],3574.2276792997854,False,True,True,True,1299.1682744298346,1299.1682744298273,"{3: 1069, 24: 666, 165: 17, 258: 1}","{24: 1112, 42: 737, 165: 33}"
sub-via265,DRCMR,4512,[4512],[3359.40441576],3359.4044157590306,False,True,True,True,1221.667200879706,1221.6672008797018,4468,[4468],[3312.87884668],3312.8788466803967,False,True,True,True,1192.0180480663664,1192.018048066373,"{3: 641, 24: 1091, 165: 59}","{24: 1120, 42: 542, 165: 93}"
sub-via183,DRCMR,4044,[4044],[3043.95078106],3043.9507810570026,False,True,True,True,1096.8492109378562,1096.8492109378494,4348,[4348],[3202.62845435],3202.628454348307,False,True,True,True,1172.2335935604706,1172.2335935604742,"{2: 2, 3: 341, 24: 1132, 165: 125, 258: 4}","{24: 1261, 42: 395, 165: 78}"
sub-via215,DRCMR,4406,[4406],[3265.37748469],3265.3774846920073,False,True,True,True,1208.0397266032778,1208.039726603275,4504,[4504],[3444.17392724],3444.1739272381337,False,True,True,True,1268.8098301643895,1268.8098301643859,"{3: 533, 24: 1187, 165: 56}","{24: 1339, 42: 436, 165: 73}"
sub-via418,DRCMR,5062,[5062],[3709.72024293],3709.720242930381,False,True,True,True,1363.0927007744774,1363.092700774482,5068,[5068],[3754.25616728],3754.256167284805,False,True,True,True,1355.024422740285,1355.024422740281,"{0: 5, 3: 656, 24: 1205, 165: 143}","{0: 5, 24: 1219, 42: 628, 165: 131}"
sub-via404,DRCMR,4224,[4224],[3254.67333245],3254.6733324477123,False,True,True,True,1161.5310860588352,1161.5310860588343,4208,[4208],[3133.63439798],3133.6343979809403,False,True,True,True,1130.2920446351482,1130.2920446351482,"{3: 482, 24: 1230}","{24: 1466, 42: 329, 165: 1}"
sub-via369,DRCMR,4254,[4254],[3169.68975562],3169.689755615449,False,True,True,True,1157.4643983829965,1157.4643983829978,4130,[4130],[3034.11633846],3034.1163384574475,False,True,True,True,1151.2694636789543,1151.2694636789583,"{3: 541, 24: 1148}","{24: 1166, 42: 537}"
sub-via518,DRCMR,4810,[4810],[3545.20991528],3545.209915276761,False,True,True,True,1306.826242878008,1306.8262428780045,4600,[4600],[3406.6352695],3406.635269495494,False,True,True,True,1259.7149800604184,1259.7149800604225,"{3: 644, 24: 1191, 165: 62, 258: 1}","{24: 1212, 42: 603, 165: 31}"
sub-via043,DRCMR,5074,[5074],[3773.0773209],3773.077320900495,False,True,True,True,1387.0675782852131,1387.067578285215,3470,[3470],[2717.10496719],2717.1049671904684,False,True,True,True,968.7517886932892,968.7517886932906,"{3: 630, 24: 1385, 165: 6}","{24: 1202, 42: 297, 165: 6}"
sub-via087,DRCMR,4218,[4218],[3162.93102136],3162.9310213584363,False,True,True,True,1163.5501505974044,1163.5501505974062,4060,[4060],[3078.44378322],3078.4437832201675,False,True,True,True,1135.1696773260264,1135.16967732603,"{3: 432, 24: 1185, 165: 83}","{0: 1, 24: 1123, 42: 404, 165: 151}"
sub-via365,DRCMR,4298,[4298],[3100.82947781],3100.829477813216,False,True,True,True,1120.8149009399667,1120.8149009399604,2822,[2822],[2107.95687679],2107.9568767897226,False,True,True,True,782.9251369298713,782.9251369298714,"{2: 3, 3: 939, 24: 799, 165: 37}","{24: 665, 41: 1, 42: 953, 165: 32}"
sub-via495,DRCMR,5062,[5062],[3760.8909158],3760.8909158029815,False,True,True,True,1412.047513973187,1412.047513973197,5058,[5058],[3734.21848199],3734.2184819949066,True,False,True,True,-1.0,-1.0,"{3: 775, 24: 1174, 165: 107, 258: 3}","{24: 1375, 42: 567, 165: 64, 258: 98}"
sub-via038,DRCMR,5326,[5326],[3942.76556966],3942.765569658281,False,True,True,True,1441.1436248208647,1441.1436248208656,5038,[5038],[3796.96347495],3796.963474954579,False,True,True,True,1413.1721915217363,1413.1721915217358,"{3: 606, 24: 1496, 165: 18}","{24: 1605, 42: 427, 165: 18}"
sub-via082,DRCMR,4012,[4012],[2947.78154007],2947.7815400654813,False,True,True,True,1058.2968399263082,1058.2968399263073,3502,[3502],[2617.27221126],2617.2722112606834,False,True,True,True,945.7821633908611,945.7821633908616,"{3: 971, 24: 700}","{24: 767, 42: 613, 165: 14}"
sub-via108,DRCMR,4132,[4132],[3131.31951024],3131.319510241319,False,True,True,True,1140.0452745521634,1140.0452745521607,4248,[4248],[3155.3946132],3155.3946131986986,False,True,True,True,1134.0124134963844,1134.012413496386,"{3: 630, 24: 1036}","{24: 981, 42: 684, 165: 4}"
sub-via142,DRCMR,5026,[5026],[3787.2713816],3787.2713815988254,False,True,True,True,1377.6608312086837,1377.6608312086846,4924,[4924],[3761.40284286],3761.4028428626348,False,True,True,True,1384.6744104579984,1384.6744104579998,"{3: 715, 24: 1294, 165: 5}","{24: 1471, 42: 558, 165: 4}"
sub-via169,DRCMR,4956,[4956],[3764.50931116],3764.509311160847,False,True,True,True,1337.1932335300771,1337.1932335300735,4758,[4758],[3512.71750184],3512.71750183822,False,True,True,True,1254.6285318634064,1254.6285318634061,"{3: 974, 24: 941, 165: 40}","{24: 1028, 42: 798, 165: 36, 258: 3}"
sub-via179,DRCMR,4678,[4678],[3476.05430763],3476.0543076317535,False,True,True,True,1259.9000438152489,1259.900043815248,4536,[4536],[3432.50760381],3432.507603810534,False,True,True,True,1269.9788145945286,1269.9788145945295,"{3: 523, 24: 1288, 165: 38}","{24: 1350, 42: 506}"
sub-via261,DRCMR,4506,[4506],[3420.3853686],3420.385368595746,False,True,True,True,1227.335228086552,1227.3352280865438,4180,[4180],[3172.25525494],3172.255254944763,True,False,True,True,-1.0,-1.0,"{3: 771, 24: 988, 165: 27}","{24: 815, 42: 858, 165: 7}"
sub-via334,DRCMR,4600,[4600],[3457.7695876],3457.769587600671,True,False,True,True,-1.0,-1.0,4480,[4480],[3414.12638337],3414.126383372117,False,True,True,True,1252.7811410256713,1252.7811410256718,"{3: 673, 24: 1165, 165: 23}","{24: 1166, 41: 1, 42: 643, 165: 11}"
sub-via312,DRCMR,4848,[4848],[3613.71712263],3613.7171226284922,False,True,True,True,1318.8950873665863,1318.8950873665926,5342,[5342],[3957.33708118],3957.337081183106,False,True,True,True,1444.8522196623653,1444.8522196623694,"{3: 595, 24: 1305, 165: 22}","{24: 1425, 42: 648, 165: 39}"
sub-via218,DRCMR,4450,[4450],[3294.16792103],3294.167921025513,False,True,True,True,1189.5675460630519,1189.5675460630519,4876,[4876],[3616.67093589],3616.6709358926014,False,True,True,True,1291.8982602839687,1291.8982602839706,"{3: 317, 24: 1298, 165: 118, 258: 5}","{24: 1470, 42: 341, 165: 83, 258: 1}"
sub-via374,DRCMR,4760,[4760],[3598.23623676],3598.2362367592327,False,True,True,True,1348.738108430086,1348.7381084300769,4300,[4300],[3196.46946704],3196.469467035703,False,True,True,True,1144.0476201851743,1144.047620185178,"{2: 6, 3: 987, 24: 944, 165: 30}","{24: 754, 41: 2, 42: 821, 165: 88, 258: 9}"
sub-via426,DRCMR,4272,[4272],[3235.07837558],3235.078375583203,False,True,True,True,1190.253518588509,1190.25351858851,3514,[3514],[2587.89379411],2587.8937941131744,False,True,True,True,944.9679590025585,944.9679590025612,"{2: 1, 3: 500, 24: 1258, 77: 1}","{24: 1113, 42: 288, 165: 2}"
sub-via492,DRCMR,4116,[4116],[3034.48934495],3034.489344951055,False,True,True,True,1079.8816022860365,1079.8816022860392,3874,[3874],[2920.93485241],2920.934852414451,False,True,True,True,1037.5041663506684,1037.5041663506654,"{3: 579, 24: 1007, 165: 8, 258: 5}","{24: 1083, 42: 425, 165: 10}"
sub-via122,DRCMR,4766,[4766],[3572.54814426],3572.5481442620026,False,True,True,True,1313.1540949056507,1313.1540949056507,3964,[3964],[3016.91050857],3016.9105085683623,False,True,True,True,1082.9413830949493,1082.9413830949443,"{3: 496, 24: 1403, 165: 25, 258: 2}","{24: 1218, 42: 370, 165: 12}"
sub-via121,DRCMR,4240,[4240],[3291.42756871],3291.427568710297,False,True,True,True,1205.7231461439414,1205.7231461439378,4524,[4524],[3398.27745185],3398.2774518517904,False,True,True,True,1279.9415156374484,1279.9415156374525,"{3: 679, 24: 1057, 165: 31}","{24: 1119, 42: 769, 165: 4}"
sub-via141,DRCMR,4782,[4782],[3574.70504135],3574.705041346091,False,True,True,True,1310.3934887241685,1310.393488724174,4708,[4708],[3590.30649574],3590.306495735587,False,True,True,True,1290.4934765894495,1290.4934765894486,"{3: 598, 24: 1306, 165: 7}","{24: 1391, 42: 488, 165: 8}"
sub-via347,DRCMR,4912,[4912],[3619.60017231],3619.600172308558,True,False,True,True,-1.0,-1.0,3968,[3968],[3028.52092111],3028.5209211124716,False,True,True,True,1100.802997383551,1100.8029973835482,"{2: 4, 3: 620, 24: 1279, 165: 41}","{24: 967, 42: 724, 165: 60}"
sub-via165,DRCMR,4622,[4622],[3406.77186471],3406.771864707761,False,True,True,True,1226.3289176613043,1226.3289176613098,4490,[4490],[3325.27074018],3325.270740181336,False,True,True,True,1230.283173378206,1230.283173378205,"{3: 632, 24: 1176, 165: 4}","{24: 1166, 42: 628, 165: 21}"
sub-via246,DRCMR,4422,[4422],[3290.54556211],3290.5455621137367,False,True,True,True,1203.8074650182643,1203.807465018268,4874,[4874],[3656.32825846],3656.32825846493,False,True,True,True,1368.5822984278157,1368.5822984278175,"{0: 1, 3: 421, 24: 1205, 165: 137}","{0: 2, 24: 1383, 42: 476, 165: 125}"
sub-via197,DRCMR,4208,[4208],[3138.23491091],3138.2349109125016,False,True,True,True,1149.1870762066646,1149.187076206661,4620,[4620],[3410.95005391],3410.950053914036,False,True,True,True,1258.4599631870178,1258.459963187014,"{3: 172, 24: 1507, 165: 1}","{24: 1553, 42: 258, 165: 24}"
sub-via212,DRCMR,5024,[5024],[3796.35492962],3796.3549296214214,False,True,True,True,1379.9062002521187,1379.9062002521205,5148,[5148],[3884.90679443],3884.9067944323924,False,True,True,True,1455.7826486919053,1455.7826486919057,"{3: 601, 24: 1295, 165: 116}","{24: 1576, 41: 3, 42: 478, 165: 73}"
sub-via354,DRCMR,4772,[4772],[3540.98935299],3540.9893529853402,False,True,True,True,1274.3720065161933,1274.3720065162006,4090,[4090],[3111.60549126],3111.605491261679,False,True,True,True,1133.0324449041,1133.0324449041013,"{3: 680, 24: 1141, 165: 68, 258: 1}","{24: 956, 42: 679, 165: 34}"
sub-via033,DRCMR,4506,[4506],[3401.65214321],3401.652143206761,False,True,True,True,1224.5021018016196,1224.5021018016214,4402,[4402],[3353.84992783],3353.849927832775,False,True,True,True,1226.0658535319462,1226.0658535319471,"{3: 889, 24: 1187, 165: 21}","{24: 1185, 42: 595, 165: 18}"
sub-via521,DRCMR,4882,[4882],[3732.4931078],3732.493107797018,False,True,True,True,1337.894157497095,1337.8941574971013,5394,[5394],[3918.19271141],3918.192711412866,False,True,True,True,1429.9030331860606,1429.9030331860613,"{3: 718, 24: 1220, 165: 56, 258: 10}","{24: 1300, 42: 703, 165: 71, 258: 42}"
sub-via240,DRCMR,4582,[4582],[3387.59716968],3387.5971696842585,False,True,True,True,1222.2483937139787,1222.2483937139682,3816,[3816],[2827.28098521],2827.280985210013,False,True,True,True,1001.3648788889134,1001.3648788889132,"{3: 543, 24: 1215, 165: 65, 258: 1}","{24: 1031, 42: 442, 165: 8}"
sub-via190,DRCMR,5110,[5110],[3785.26387626],3785.2638762620504,False,True,True,True,1356.1241362491692,1356.1241362491724,4768,[4768],[3562.95866749],3562.9586674895186,False,True,True,True,1300.3127429628444,1300.312742962844,"{3: 958, 24: 1045, 77: 8, 165: 25}","{24: 1039, 42: 830, 165: 21}"
sub-via030,DRCMR,4918,[4918],[3677.21112714],3677.211127138631,False,True,True,True,1335.104409762428,1335.1044097624308,4228,[4228],[3191.66969318],3191.6696931799065,False,True,True,True,1184.2741409739801,1184.2741409739783,"{3: 710, 24: 1202, 165: 34, 258: 2}","{24: 794, 42: 832, 165: 101}"
sub-via026,DRCMR,4064,[4064],[3123.58919156],3123.5891915560987,False,True,True,True,1121.0717426577767,1121.071742657773,4632,[4632],[3456.44277195],3456.442771950608,False,True,True,True,1267.805268618142,1267.80526861814,"{3: 403, 24: 1238, 165: 2}","{24: 1347, 42: 482}"
