caseid,centre,bvisaL_cluster_connected_triangles,bvisaL_triangl_per_clust,bvisaL_srf_are_per_clust,bvisaL_total_srf_area,bvisaL_is_self_intersecting,bvisaL_is_watertight,bvisaL_is_edge_manifold,bvisaL_is_vertex_manifold,bvisaL_total_volume,bvisaL_holes_filled_volume,bvisaR_cluster_connected_triangles,bvisaR_triangl_per_clust,bvisaR_srf_are_per_clust,bvisaR_total_srf_area,bvisaR_is_self_intersecting,bvisaR_is_watertight,bvisaR_is_edge_manifold,bvisaR_is_vertex_manifold,bvisaR_total_volume,bvisaR_holes_filled_volume
sub-via156,CFIN,4556,[4556],[3414.47709962],3414.4770996239076,False,True,True,True,1234.4819220107565,1234.481922010757,4756,[4756],[3519.83179435],3519.8317943483385,False,True,True,True,1268.3475504365529,1268.3475504365472
sub-via153,CFIN,4054,[4054],[3067.82763767],3067.827637667248,False,True,True,True,1135.738697783092,1135.738697783093,4010,[4010],[3039.17088294],3039.1708829392783,False,True,True,True,1132.0647587064564,1132.0647587064568
sub-via248,CFIN,4478,[4478],[3384.98437492],3384.98437491885,False,True,True,True,1172.8232036464415,1172.8232036464342,4664,[4664],[3469.29036246],3469.290362463282,False,True,True,True,1268.2898884825863,1268.28988848259
sub-via323,CFIN,4040,[4040],[3047.42700283],3047.427002830189,False,True,True,True,1119.3348207637873,1119.3348207637837,3338,[3338],[2541.57543294],2541.575432943696,False,True,True,True,897.0349478168055,897.0349478168046
sub-via059,CFIN,4948,[4948],[3623.35967657],3623.359676571132,False,True,True,True,1312.6516921477655,1312.6516921477632,4640,[4640],[3536.99936932],3536.9993693217166,False,True,True,True,1272.3437615315943,1272.343761531597
sub-via339,CFIN,4408,[4408],[3317.53002824],3317.5300282358976,False,True,True,True,1176.0620067871005,1176.062006787104,3880,[3880],[2897.72861871],2897.7286187071577,False,True,True,True,1079.7376944814514,1079.7376944814523
sub-via227,CFIN,5068,[5068],[3706.49251088],3706.4925108822963,False,True,True,True,1332.9548182287235,1332.9548182287272,4644,[4644],[3526.22141393],3526.2214139347248,False,True,True,True,1274.6588022364617,1274.658802236463
sub-via276,CFIN,4388,[4388],[3316.49361503],3316.493615034381,False,True,True,True,1172.9362320520122,1172.9362320520113,4348,[4348],[3363.08031283],3363.0803128310104,False,True,True,True,1242.464757503566,1242.4647575035642
sub-via458,CFIN,3770,[3770],[2831.15259733],2831.1525973311404,False,True,True,True,1039.8960096794199,1039.8960096794162,4220,[4220],[3133.59057809],3133.5905780851713,False,True,True,True,1160.5532599886783,1160.5532599886797
sub-via310,CFIN,5372,[5372],[4029.58040458],4029.580404583083,True,False,True,True,-1.0,-1.0,5360,[5360],[3910.49702735],3910.497027351894,True,False,True,True,-1.0,-1.0
sub-via515,CFIN,5368,[5368],[4083.21499283],4083.214992827627,False,True,True,True,1489.0278989086992,1489.0278989087,4874,[4874],[3670.87822562],3670.87822561671,False,True,True,True,1346.863238790418,1346.863238790418
sub-via379,CFIN,4660,[4660],[3544.07328497],3544.073284971024,False,True,True,True,1282.2582768380425,1282.2582768380398,4794,[4794],[3615.76280673],3615.762806733345,False,True,True,True,1313.5278202902427,1313.5278202902418
sub-via119,CFIN,3952,[3952],[2928.36823581],2928.3682358071374,False,True,True,True,1066.653118423521,1066.6531184235164,3790,[3790],[2784.07446288],2784.074462875812,False,True,True,True,998.5586808872267,998.5586808872281
sub-via439,CFIN,4390,[4390],[3321.87318594],3321.873185939085,False,True,True,True,1191.8609775353916,1191.8609775353934,4354,[4354],[3264.85117515],3264.851175152428,True,False,True,True,-1.0,-1.0
sub-via466,CFIN,6096,[6096],[4353.97782408],4353.977824081762,False,True,True,True,1606.2525038411295,1606.2525038411295,6454,[6454],[4850.79547249],4850.795472487135,False,True,True,True,1711.5501955409054,1711.5501955409063
sub-via333,CFIN,4414,[4414],[3262.44180226],3262.441802263292,False,True,True,True,1206.2711887575651,1206.2711887575779,4192,[4192],[3102.36147589],3102.361475886512,False,True,True,True,1153.707484935156,1153.7074849351538
sub-via366,CFIN,5040,[5040],[3750.63649691],3750.6364969127144,False,True,True,True,1368.2061368252662,1368.2061368252587,4598,[4598],[3498.17296381],3498.172963811874,False,True,True,True,1280.2321243321237,1280.2321243321185
sub-via431,CFIN,4946,[4946],[3557.40248769],3557.4024876906938,False,True,True,True,1315.3522295087223,1315.3522295087223,5480,[5480],[4044.55631854],4044.556318543418,False,True,True,True,1474.3793989944515,1474.3793989944484
sub-via456,CFIN,5214,[5214],[3868.69022701],3868.690227014332,False,True,True,True,1394.4051238192878,1394.4051238192887,5004,[5004],[3748.63173672],3748.631736716868,False,True,True,True,1381.6130545686165,1381.613054568614
sub-via501,CFIN,4930,[4930],[3717.1669996],3717.1669995983943,False,True,True,True,1375.2707181215728,1375.27071812157,5062,[5062],[3790.40198562],3790.4019856221453,False,True,True,True,1358.5778493925545,1358.5778493925536
sub-via512,CFIN,4298,[4298],[3307.02989604],3307.029896038093,False,True,True,True,1219.910172311389,1219.910172311389,4260,[4260],[3256.11858743],3256.1185874297735,False,True,True,True,1230.6142023308594,1230.6142023308603
sub-via086,CFIN,4680,[4680],[3457.58210094],3457.5821009425713,False,True,True,True,1242.1859706486248,1242.1859706486257,4918,[4918],[3632.42981664],3632.4298166352582,False,True,True,True,1295.2392332585132,1295.2392332585114
sub-via229,CFIN,4828,[4828],[3500.89713923],3500.8971392299536,False,True,True,True,1281.516650927807,1281.5166509278106,4514,[4514],[3292.50714976],3292.5071497588337,False,True,True,True,1225.2136227517785,1225.2136227517785
sub-via283,CFIN,4294,[4294],[3166.91232676],3166.9123267595232,False,True,True,True,1159.841069287003,1159.8410692870139,4326,[4326],[3265.32720393],3265.327203933542,False,True,True,True,1188.8964631377048,1188.8964631377048
sub-via313,CFIN,4556,[4556],[3369.17260653],3369.1726065299104,False,True,True,True,1258.543901747822,1258.543901747811,4508,[4508],[3377.66165461],3377.6616546110017,False,True,True,True,1213.7499419755277,1213.7499419755268
sub-via343,CFIN,4542,[4542],[3378.79460809],3378.794608091462,False,True,True,True,1224.3276530982948,1224.3276530982866,4324,[4324],[3253.8451069],3253.8451068985955,False,True,True,True,1185.6579495090295,1185.6579495090273
sub-via383,CFIN,4854,[4854],[3675.21932558],3675.2193255801835,False,True,True,True,1326.0521160653323,1326.0521160653361,5102,[5102],[3862.83553837],3862.8355383677595,False,True,True,True,1401.183855189448,1401.1838551894507
sub-via441,CFIN,3650,[3650],[2730.4651711],2730.4651710964763,False,True,True,True,1005.6195482222956,1005.6195482222993,4188,[4188],[3101.15248897],3101.1524889680195,True,False,True,True,-1.0,-1.0
sub-via473,CFIN,4410,[4410],[3309.92030377],3309.920303767142,False,True,True,True,1177.5995290647452,1177.5995290647431,5388,[5388],[3966.57369127],3966.573691269565,True,False,True,True,-1.0,-1.0
sub-via403,CFIN,4562,[4562],[3424.15487632],3424.154876315073,False,True,True,True,1235.7933173611282,1235.793317361129,4072,[4072],[3092.68113896],3092.6811389648365,True,False,True,True,-1.0,-1.0
sub-via424,CFIN,4000,[4000],[2988.17694504],2988.1769450446313,False,True,True,True,1065.4580935874137,1065.4580935874174,4744,[4744],[3490.15401433],3490.154014329424,False,True,True,True,1287.5796976028041,1287.5796976028064
sub-via163,CFIN,4348,[4348],[3245.05920727],3245.059207270224,False,True,True,True,1180.1550699211139,1180.1550699211066,4138,[4138],[3089.98989254],3089.9898925422617,False,True,True,True,1174.6675806159637,1174.667580615966
sub-via256,CFIN,4690,[4690],[3505.17383785],3505.1738378467244,False,True,True,True,1267.7826857286473,1267.782685728651,4818,[4818],[3591.09788445],3591.0978844542956,False,True,True,True,1330.7480154770865,1330.7480154770883
sub-via299,CFIN,4144,[4144],[3143.23629651],3143.2362965091615,False,True,True,True,1159.6799389970438,1159.6799389970474,4358,[4358],[3296.11008554],3296.1100855366235,False,True,True,True,1230.5373893445717,1230.5373893445694
sub-via330,CFIN,5132,[5132],[3828.90358538],3828.9035853818255,False,True,True,True,1427.5752142782667,1427.5752142782658,4646,[4646],[3507.4619193],3507.4619193036415,False,True,True,True,1273.5669422498377,1273.5669422498372
sub-via363,CFIN,4080,[4080],[3125.71814718],3125.7181471759554,False,True,True,True,1171.2174744365175,1171.217474436522,3948,[3948],[3009.35567922],3009.3556792236936,False,True,True,True,1058.3193230755105,1058.3193230755085
sub-via453,CFIN,4300,[4300],[3156.15739084],3156.1573908434993,False,True,True,True,1141.0301844139021,1141.0301844138994,4200,[4200],[3158.51391991],3158.5139199087384,False,True,True,True,1153.6686008199172,1153.6686008199176
sub-via493,CFIN,4344,[4344],[3207.81088324],3207.8108832448843,False,True,True,True,1149.899018791425,1149.8990187914342,4208,[4208],[3214.68551388],3214.6855138816386,False,True,True,True,1183.3917494293692,1183.3917494293703
sub-via213,CFIN,4188,[4188],[3153.07314819],3153.0731481882726,False,True,True,True,1139.7152964519764,1139.7152964519782,4200,[4200],[3203.66987873],3203.6698787337364,False,True,True,True,1176.2093649553508,1176.209364955351
sub-via154,CFIN,4210,[4210],[3144.6655858],3144.6655858024847,False,True,True,True,1171.182644092688,1171.182644092688,4580,[4580],[3394.76780905],3394.7678090521817,False,True,True,True,1274.3362906174852,1274.3362906174834
sub-via250,CFIN,4500,[4500],[3363.34268746],3363.3426874551596,False,True,True,True,1216.0821673210185,1216.082167321018,3598,[3598],[2677.82286424],2677.8228642449617,False,True,True,True,955.8857109494595,955.8857109494588
sub-via338,CFIN,4872,[4872],[3594.91045516],3594.9104551641262,False,True,True,True,1292.9312180776133,1292.9312180776142,4420,[4420],[3262.23784352],3262.237843524502,False,True,True,True,1188.4489163682679,1188.4489163682688
sub-via378,CFIN,4278,[4278],[3266.78524032],3266.785240318702,False,True,True,True,1190.9780868547568,1190.9780868547614,4418,[4418],[3309.93229769],3309.9322976941125,False,True,True,True,1207.254113121192,1207.2541131211917
sub-via459,CFIN,4440,[4440],[3344.22570602],3344.225706022678,False,True,True,True,1211.2903054777535,1211.2903054777498,4362,[4362],[3289.01712404],3289.017124036762,False,True,True,True,1200.6508994565754,1200.6508994565784
sub-via517,CFIN,4946,[4946],[3634.08783765],3634.0878376479027,False,True,True,True,1306.6494263284094,1306.6494263284021,5116,[5116],[3801.52884694],3801.528846939392,False,True,True,True,1386.1247488001363,1386.124748800139
sub-via336,CFIN,3922,[3922],[2960.54015558],2960.5401555785584,False,True,True,True,1065.7451754137937,1065.7451754137846,3962,[3962],[3020.48274331],3020.4827433088935,False,True,True,True,1099.9766515385772,1099.9766515385745
sub-via104,CFIN,4644,[4644],[3465.32480673],3465.3248067331147,False,True,True,True,1255.7236153439835,1255.7236153439817,4778,[4778],[3564.74715009],3564.747150090697,False,True,True,True,1294.3235911227466,1294.3235911227475
sub-via126,CFIN,6192,[6192],[4650.7136128],4650.713612799021,False,True,True,True,1726.7615888937253,1726.7615888937235,5578,[5578],[4232.95952005],4232.959520048355,False,True,True,True,1584.096655071744,1584.0966550717499
sub-via287,CFIN,3740,[3740],[2826.72072397],2826.7207239720947,False,True,True,True,1036.6676507585198,1036.6676507585216,3790,[3790],[2839.38019006],2839.380190063346,False,True,True,True,1038.238153918625,1038.238153918628
sub-via231,CFIN,5668,[5668],[4246.31544155],4246.315441549945,False,True,True,True,1568.0567407226217,1568.056740722618,5160,[5160],[3954.00174848],3954.0017484848286,False,True,True,True,1444.6093813009165,1444.609381300912
sub-via348,CFIN,5126,[5126],[3838.59152475],3838.5915247541134,False,True,True,True,1433.3010342818607,1433.3010342818598,4600,[4600],[3493.71884009],3493.718840092249,False,True,True,True,1281.428291398347,1281.4282913983434
sub-via389,CFIN,5176,[5176],[3743.67436079],3743.6743607941858,False,True,True,True,1372.7784279241241,1372.7784279241187,4454,[4454],[3363.83313796],3363.8331379584733,False,True,True,True,1227.8308786384005,1227.830878638397
sub-via442,CFIN,4626,[4626],[3462.04549641],3462.0454964130286,False,True,True,True,1239.8340313333656,1239.834031333362,5140,[5140],[3797.33371458],3797.333714577888,True,False,True,True,-1.0,-1.0
sub-via481,CFIN,4076,[4076],[3037.71130531],3037.711305311723,False,True,True,True,1086.5491579020618,1086.5491579020654,3976,[3976],[3004.92266486],3004.9226648638555,False,True,True,True,1076.32779809766,1076.327798097664
sub-via490,CFIN,4894,[4894],[3596.74111802],3596.7411180246913,False,True,True,True,1313.1262937109705,1313.126293710974,4796,[4796],[3618.29742797],3618.297427969374,False,True,True,True,1312.162606127044,1312.1626061270422
sub-via296,CFIN,4568,[4568],[3365.09893639],3365.098936391047,False,True,True,True,1221.841440365457,1221.8414403654533,4170,[4170],[3065.98515906],3065.9851590627754,False,True,True,True,1109.6750261105046,1109.6750261105044
sub-via325,CFIN,4964,[4964],[3709.90809869],3709.9080986911245,False,True,True,True,1378.8737207714667,1378.8737207714657,4592,[4592],[3497.93125816],3497.931258158321,False,True,True,True,1272.5709398593635,1272.57093985936
sub-via393,CFIN,4656,[4656],[3482.00806523],3482.0080652272322,False,True,True,True,1249.6306384187174,1249.6306384187192,4650,[4650],[3552.66934242],3552.6693424228188,False,True,True,True,1317.0690536688448,1317.0690536688453
sub-via450,CFIN,5062,[5062],[3782.681394],3782.6813939952935,False,True,True,True,1357.0781573358345,1357.0781573358345,4674,[4674],[3482.85648623],3482.856486226493,False,True,True,True,1264.0934726181417,1264.0934726181422
sub-via488,CFIN,3686,[3686],[2821.46258835],2821.462588349391,False,True,True,True,996.2632043354515,996.2632043354515,3970,[3970],[3014.19919331],3014.1991933141444,True,False,True,True,-1.0,-1.0
sub-via160,CFIN,4426,[4426],[3284.69629738],3284.696297382412,False,True,True,True,1210.1574752706256,1210.1574752706283,4656,[4656],[3490.90555094],3490.9055509436594,False,True,True,True,1285.2096858930404,1285.2096858930395
sub-via317,CFIN,4948,[4948],[3754.5273551],3754.5273551014166,False,True,True,True,1360.2675401274828,1360.2675401274846,4240,[4240],[3242.69697251],3242.6969725061044,True,False,True,True,-1.0,-1.0
sub-via085,CFIN,3688,[3688],[2743.47043798],2743.470437975973,False,True,True,True,1000.2177608504198,1000.2177608504171,3658,[3658],[2760.47495673],2760.474956734553,False,True,True,True,1018.3822186377092,1018.3822186377101
sub-via254,CFIN,5062,[5062],[3920.58625665],3920.586256654384,False,True,True,True,1412.8438121287945,1412.843812128791,4998,[4998],[3812.53094509],3812.530945093021,False,True,True,True,1353.2806225526815,1353.2806225526817
sub-via054,CFIN,4092,[4092],[3082.64100667],3082.6410066679578,False,True,True,True,1112.9911847562016,1112.9911847562075,4144,[4144],[3113.30096108],3113.3009610798867,False,True,True,True,1141.1333668108982,1141.1333668108996
sub-via298,CFIN,4958,[4958],[3727.66688256],3727.6668825576885,False,True,True,True,1364.158213681446,1364.1582136814495,5746,[5746],[4364.27117243],4364.27117243262,False,True,True,True,1595.500414768545,1595.5004147685368
sub-via328,CFIN,4540,[4540],[3336.50812023],3336.508120234971,False,True,True,True,1256.2826461667053,1256.2826461667162,4506,[4506],[3300.33631182],3300.3363118157245,False,True,True,True,1235.6921327465811,1235.692132746582
sub-via362,CFIN,3696,[3696],[2766.70758319],2766.707583191863,False,True,True,True,998.1036804289852,998.1036804289797,3868,[3868],[2892.54151195],2892.541511951906,False,True,True,True,1043.9760595861599,1043.9760595861594
sub-via399,CFIN,5532,[5532],[4187.03200974],4187.032009735124,False,True,True,True,1544.4142626870434,1544.4142626870416,5076,[5076],[3846.56896769],3846.568967688869,False,True,True,True,1392.508218088462,1392.508218088462
sub-via423,CFIN,5594,[5594],[4205.54275654],4205.542756536848,False,True,True,True,1522.215204356257,1522.215204356257,4994,[4994],[3644.64033794],3644.640337943122,False,True,True,True,1341.5139566878615,1341.5139566878624
sub-via209,CFIN,4414,[4414],[3308.77192758],3308.7719275759614,False,True,True,True,1192.6937101238664,1192.6937101238746,4716,[4716],[3576.80778112],3576.807781118695,False,True,True,True,1294.9623795901462,1294.9623795901425
sub-via224,CFIN,4958,[4958],[3666.49363012],3666.493630116991,False,True,True,True,1308.7136858453996,1308.7136858454114,4116,[4116],[3149.09959577],3149.0995957669747,False,True,True,True,1127.1576442472456,1127.1576442472478
sub-via275,CFIN,5052,[5052],[3815.14510368],3815.1451036845106,True,False,True,True,-1.0,-1.0,4986,[4986],[3677.0697899],3677.0697899049137,False,True,True,True,1341.7715449810753,1341.7715449810746
sub-via309,CFIN,4446,[4446],[3284.41347868],3284.4134786772124,False,True,True,True,1210.3573392622293,1210.3573392622293,4374,[4374],[3281.91608929],3281.916089285978,False,True,True,True,1217.777624417372,1217.7776244173697
sub-via228,CFIN,4860,[4860],[3573.58553956],3573.5855395600506,False,True,True,True,1290.6127935217164,1290.6127935217182,3856,[3856],[2985.52410957],2985.5241095718266,False,True,True,True,1084.745260876226,1084.745260876226
sub-via279,CFIN,4370,[4370],[3176.31552065],3176.31552064688,False,True,True,True,1147.747773963746,1147.7477739637443,4694,[4694],[3546.08839144],3546.0883914436,False,True,True,True,1326.2229745203122,1326.2229745203094
sub-via311,CFIN,2938,[2938],[2173.34470772],2173.3447077196347,False,True,True,True,781.4734612448519,781.473461244851,4866,[4866],[3275.25557807],3275.2555780741154,True,False,True,True,-1.0,-1.0
sub-via455,CFIN,4496,[4496],[3343.12150512],3343.1215051216764,False,True,True,True,1204.0290490924135,1204.0290490924162,4304,[4304],[3269.99749708],3269.9974970789444,False,True,True,True,1203.0152913003894,1203.0152913003894
sub-via340,CFIN,5350,[5350],[4002.00701698],4002.0070169761952,False,True,True,True,1405.1701253601805,1405.1701253601786,4410,[4410],[3269.8280084],3269.8280084046382,False,True,True,True,1172.2181386155871,1172.2181386155844
sub-via380,CFIN,4522,[4522],[3350.39316996],3350.3931699626146,False,True,True,True,1225.0478547948287,1225.0478547948278,4410,[4410],[3315.61420941],3315.6142094063293,False,True,True,True,1228.8280570844327,1228.8280570844302
sub-via440,CFIN,4862,[4862],[3624.16339518],3624.1633951755102,False,True,True,True,1312.3813945027096,1312.3813945027096,4728,[4728],[3511.78042756],3511.7804275595827,True,False,True,True,-1.0,-1.0
sub-via467,CFIN,5232,[5232],[3904.44025953],3904.440259527737,True,False,True,True,-1.0,-1.0,4722,[4722],[3534.37858972],3534.378589721508,False,True,True,True,1235.2646058218043,1235.264605821804
sub-via522,CFIN,4854,[4854],[3638.21307511],3638.2130751144955,False,True,True,True,1352.6503381486937,1352.6503381486955,4380,[4380],[3291.65827948],3291.65827947617,False,True,True,True,1240.7679708270466,1240.7679708270534
sub-via201,CFIN,5528,[5528],[4230.93334785],4230.933347847872,False,True,True,True,1508.2788842852965,1508.278884285306,5382,[5382],[4144.71792777],4144.717927765234,False,True,True,True,1520.4111137874297,1520.411113787432
sub-via207,CFIN,6310,[6310],[4670.39838633],4670.398386330134,False,True,True,True,1689.2447820877014,1689.2447820876903,6394,[6394],[4748.25549352],4748.255493521396,False,True,True,True,1749.8469145369045,1749.8469145369108
sub-via219,CFIN,3986,[3986],[3070.20155361],3070.2015536096997,False,True,True,True,1096.4130818522508,1096.413081852248,3732,[3732],[2894.4521697],2894.4521697000537,False,True,True,True,1062.0568555431219,1062.0568555431237
sub-via304,CFIN,4014,[4014],[3013.53248614],3013.532486139763,False,True,True,True,1102.7175415871934,1102.7175415871911,4186,[4186],[3113.11305122],3113.113051216571,False,True,True,True,1148.1853767025168,1148.1853767025168
sub-via273,CFIN,3770,[3770],[2822.65336218],2822.653362176503,True,False,True,True,-1.0,-1.0,4046,[4046],[3043.20812918],3043.2081291773234,False,True,True,True,1098.922479926971,1098.922479926975
sub-via372,CFIN,4528,[4528],[3388.43095005],3388.430950046992,False,True,True,True,1234.8683947721447,1234.868394772141,5182,[5182],[3842.35446217],3842.354462172639,False,True,True,True,1383.6153414188207,1383.6153414188184
sub-via433,CFIN,4084,[4084],[3009.55138307],3009.551383074975,False,True,True,True,1082.7417925138416,1082.7417925138443,3498,[3498],[2598.58491195],2598.584911954751,False,True,True,True,919.4452112556304,919.4452112556304
sub-via457,CFIN,5108,[5108],[3899.4714847],3899.471484696352,False,True,True,True,1407.4718684748586,1407.4718684748605,5054,[5054],[3856.57324881],3856.5732488131225,False,True,True,True,1444.236108417928,1444.2361084179277
sub-via506,CFIN,3746,[3746],[2780.12434205],2780.124342045112,False,True,True,True,1046.1071829550938,1046.1071829550956,4298,[4298],[3158.75345671],3158.7534567121397,False,True,True,True,1170.730073362125,1170.7300733621246
sub-via513,CFIN,5126,[5126],[3798.74666626],3798.7466662606976,False,True,True,True,1409.1562468812053,1409.1562468812017,5408,[5408],[4072.09778088],4072.0977808804846,False,True,True,True,1499.072699962654,1499.0726999626559
sub-via171,CFIN,4226,[4226],[3188.37558815],3188.3755881526204,False,True,True,True,1146.5757862115315,1146.5757862115315,4312,[4312],[3237.1707802],3237.1707802032156,False,True,True,True,1187.1984192787313,1187.1984192787302
sub-via205,CFIN,4616,[4616],[3390.51113611],3390.511136111261,False,True,True,True,1231.1074014644173,1231.1074014644219,4768,[4768],[3526.20186863],3526.2018686301785,False,True,True,True,1312.4531314071517,1312.4531314071546
sub-via118,CFIN,5178,[5178],[3909.18659354],3909.186593537506,False,True,True,True,1439.9841683939358,1439.9841683939385,5170,[5170],[3855.18844575],3855.188445751553,False,True,True,True,1410.198042685147,1410.1980426851474
sub-via152,CFIN,4904,[4904],[3623.84913676],3623.84913675598,False,True,True,True,1313.8045785793565,1313.8045785793638,4754,[4754],[3630.91975685],3630.9197568468653,False,True,True,True,1339.3651099859453,1339.3651099859444
sub-via259,CFIN,4718,[4718],[3569.67371767],3569.6737176681395,False,True,True,True,1306.8804767571492,1306.8804767571519,5156,[5156],[3836.89326447],3836.893264473655,False,True,True,True,1375.1290167256138,1375.1290167256107
sub-via300,CFIN,4562,[4562],[3388.20540302],3388.205403016164,False,True,True,True,1239.8924450226123,1239.8924450226104,3996,[3996],[3065.75062834],3065.750628343361,False,True,True,True,1140.533125458835,1140.533125458836
sub-via331,CFIN,2930,[2930],[2142.21316981],2142.2131698128046,False,True,True,True,766.6454679785916,766.6454679785952,3944,[3944],[2885.35550143],2885.3555014296926,False,True,True,True,1061.5171781013319,1061.5171781013323
sub-via364,CFIN,4724,[4724],[3569.23833732],3569.238337316281,False,True,True,True,1303.9261707124115,1303.9261707124106,4566,[4566],[3396.65415688],3396.6541568826588,False,True,True,True,1234.4274800642756,1234.4274800642772
sub-via429,CFIN,3660,[3660],[2797.63025978],2797.6302597844033,False,True,True,True,1017.956610702724,1017.9566107027313,3662,[3662],[2832.52352051],2832.5235205087756,False,True,True,True,1042.987793319729,1042.98779331973
sub-via494,CFIN,4442,[4442],[3313.95112372],3313.951123720027,False,True,True,True,1197.0689707078504,1197.068970707845,2210,[2210],[1582.91753637],1582.9175363738857,False,True,True,True,593.2657581387972,593.2657581387972
sub-via511,CFIN,3794,[3794],[2735.09093353],2735.090933534641,True,False,True,True,-1.0,-1.0,3466,[3466],[2633.98424811],2633.984248108116,False,True,True,True,970.6233568866328,970.6233568866328
sub-via238,CFIN,4578,[4578],[3467.325066],3467.3250660000404,False,True,True,True,1261.069712270123,1261.069712270123,5052,[5052],[3790.20609816],3790.2060981649474,False,True,True,True,1368.1172697944342,1368.117269794434
sub-via293,CFIN,4648,[4648],[3421.15202772],3421.1520277172444,False,True,True,True,1253.5563152985947,1253.556315298595,4084,[4084],[3022.83825671],3022.838256705047,False,True,True,True,1105.6875788379998,1105.6875788380012
sub-via320,CFIN,4764,[4764],[3503.59420201],3503.594202009698,False,True,True,True,1288.716850102096,1288.7168501021024,5082,[5082],[3790.68329165],3790.6832916506114,False,True,True,True,1407.278182805877,1407.278182805875
sub-via355,CFIN,4390,[4390],[3264.36461046],3264.364610463792,False,True,True,True,1203.9638949868427,1203.963894986839,4396,[4396],[3324.27631722],3324.276317217621,False,True,True,True,1193.521632144669,1193.5216321446726
sub-via391,CFIN,5500,[5500],[4153.56233577],4153.562335767056,False,True,True,True,1479.072463948337,1479.0724639483396,4574,[4574],[3464.87785593],3464.8778559330417,False,True,True,True,1233.486033865076,1233.4860338650788
sub-via444,CFIN,4994,[4994],[3763.21775329],3763.217753292598,False,True,True,True,1377.5284034311662,1377.5284034311653,4738,[4738],[3605.00508881],3605.0050888136293,False,True,True,True,1340.7324668487654,1340.732466848769
sub-via485,CFIN,5456,[5456],[3989.18363383],3989.1836338328244,False,True,True,True,1445.145524663878,1445.1455246638761,5400,[5400],[4014.21118315],4014.2111831531092,False,True,True,True,1450.9905078959919,1450.990507895989
sub-via050,CFIN,5454,[5454],[4092.97859791],4092.9785979132007,False,True,True,True,1465.2268387686363,1465.2268387686436,5348,[5348],[3961.73056751],3961.730567506747,False,True,True,True,1428.5547949253178,1428.5547949253187
sub-via017,CFIN,4870,[4870],[3647.77302994],3647.773029943316,False,True,True,True,1299.5903088106325,1299.5903088106343,3346,[3346],[2463.67836961],2463.678369612289,False,True,True,True,878.7674751310201,878.7674751310183
sub-via010,CFIN,4912,[4912],[3705.69425573],3705.694255734241,False,True,True,True,1368.1208635609855,1368.1208635609873,5052,[5052],[3788.73301587],3788.733015867663,False,True,True,True,1365.3548989289502,1365.3548989289507
sub-via051,CFIN,4186,[4186],[3096.74286067],3096.7428606682975,False,True,True,True,1119.4445724121224,1119.4445724121179,3702,[3702],[2820.54026741],2820.540267405869,False,True,True,True,1013.107425711265,1013.1074257112627
sub-via019,CFIN,4682,[4682],[3448.57674573],3448.576745725761,False,True,True,True,1271.7543675781017,1271.7543675781071,4460,[4460],[3381.8749576],3381.8749575999705,False,True,True,True,1255.8965091106484,1255.8965091106456
sub-via018,CFIN,5192,[5192],[3934.11654071],3934.116540714783,False,True,True,True,1432.1599711418903,1432.1599711418967,4444,[4444],[3391.33550428],3391.335504284205,False,True,True,True,1240.0860646473811,1240.0860646473848
sub-via013,CFIN,5096,[5096],[3758.19333819],3758.1933381869435,False,True,True,True,1441.6942588138568,1441.6942588138536,4808,[4808],[3580.2573693],3580.2573693032355,False,True,True,True,1300.2872317920865,1300.2872317920865
sub-via052,CFIN,4930,[4930],[3711.09106979],3711.09106979291,False,True,True,True,1347.0742152783168,1347.0742152783132,4338,[4338],[3275.37722529],3275.377225286495,False,True,True,True,1193.161557748378,1193.161557748378
sub-via015,CFIN,4282,[4282],[3177.17420373],3177.174203728586,False,True,True,True,1166.8253464662348,1166.8253464662348,5124,[5124],[3777.83014926],3777.8301492575783,False,True,True,True,1380.178742854132,1380.1787428541247
sub-via014,CFIN,3004,[3004],[2217.69504832],2217.6950483192722,False,True,True,True,784.4479679635288,784.4479679635306,3694,[3694],[2744.32967132],2744.329671324687,False,True,True,True,986.8430690165542,986.8430690165519
sub-via451,CFIN,4630,[4630],[3443.09613732],3443.0961373237483,False,True,True,True,1267.9403263706672,1267.9403263706672,4698,[4698],[3521.44292006],3521.442920064445,False,True,True,True,1273.6215752083672,1273.621575208369
sub-via396,CFIN,5964,[5964],[4475.02715827],4475.027158267183,False,True,True,True,1616.4653845761604,1616.4653845761568,5694,[5694],[4319.80040827],4319.800408273138,False,True,True,True,1608.4141586262585,1608.414158626255
sub-via422,CFIN,5180,[5180],[3817.71095058],3817.710950576422,False,True,True,True,1405.261463388344,1405.261463388344,5060,[5060],[3813.7675017],3813.767501696961,False,True,True,True,1368.1189218703412,1368.1189218703394
sub-via519,CFIN,4664,[4664],[3384.46527725],3384.465277254963,True,False,True,True,-1.0,-1.0,4314,[4314],[3180.64800978],3180.648009779288,False,True,True,True,1141.2176779984034,1141.2176779984052
sub-via235,CFIN,4632,[4632],[3413.98822313],3413.988223129786,False,True,True,True,1275.019672455046,1275.0196724550524,4770,[4770],[3552.0756455],3552.0756455035616,False,True,True,True,1297.5849057321993,1297.5849057321939
sub-via289,CFIN,4378,[4378],[3207.88468117],3207.884681167002,False,True,True,True,1176.6040607740883,1176.6040607740883,4242,[4242],[3218.86606668],3218.8660666783726,False,True,True,True,1166.5676109557317,1166.5676109557335
sub-via351,CFIN,5322,[5322],[3965.58575735],3965.585757346794,False,True,True,True,1475.168204706596,1475.168204706596,5086,[5086],[3764.99944369],3764.9994436944903,False,True,True,True,1375.5240093942487,1375.5240093942466
sub-via319,CFIN,3748,[3748],[2808.58782644],2808.587826441859,False,True,True,True,995.7243935505758,995.7243935505758,4098,[4098],[3085.76285336],3085.7628533611914,False,True,True,True,1102.027355600425,1102.0273556004267
sub-via390,CFIN,4224,[4224],[3199.8069879],3199.8069879048367,False,True,True,True,1173.7809525759803,1173.780952575973,4540,[4540],[3386.60844728],3386.6084472822436,False,True,True,True,1245.4383530208952,1245.438353020896
sub-via483,CFIN,4654,[4654],[3428.34127151],3428.3412715072486,False,True,True,True,1258.4575166057484,1258.4575166057575,5032,[5032],[3799.13730386],3799.137303862637,False,True,True,True,1405.611634013263,1405.6116340132612
sub-via114,CFIN,5374,[5374],[3995.80632748],3995.806327482783,False,True,True,True,1446.876966112166,1446.8769661121605,5722,[5722],[4280.77673806],4280.776738059261,False,True,True,True,1585.7835457340752,1585.7835457340739
sub-via151,CFIN,4446,[4446],[3285.84017745],3285.8401774504255,False,True,True,True,1172.9334882605053,1172.9334882605044,4476,[4476],[3351.04286087],3351.0428608745347,False,True,True,True,1224.7347232368452,1224.7347232368413
sub-via053,CFIN,4188,[4188],[3155.13695565],3155.1369556495065,False,True,True,True,1166.8364536283598,1166.8364536283589,4694,[4694],[3499.38902295],3499.389022953551,False,True,True,True,1285.2702615614307,1285.2702615614326
sub-via208,CFIN,4610,[4610],[3489.26204374],3489.262043737824,False,True,True,True,1257.3808177165574,1257.3808177165683,4866,[4866],[3642.70637666],3642.706376663023,False,True,True,True,1334.9455646118927,1334.9455646118922
sub-via220,CFIN,5212,[5212],[3983.69984566],3983.699845663251,False,True,True,True,1442.5070962531336,1442.50709625313,5340,[5340],[4079.08264083],4079.0826408275775,False,True,True,True,1470.923972147998,1470.9239721479944
sub-via274,CFIN,5198,[5198],[3782.46553936],3782.465539362943,False,True,True,True,1394.1340471284457,1394.1340471284493,4582,[4582],[3385.02513044],3385.0251304425187,False,True,True,True,1239.8885254217203,1239.8885254217194
sub-via305,CFIN,4554,[4554],[3399.46408432],3399.464084323133,False,True,True,True,1268.7061038617403,1268.7061038617321,4472,[4472],[3420.50059334],3420.500593342388,False,True,True,True,1302.5753602545083,1302.5753602545115
sub-via337,CFIN,3820,[3820],[2809.40541973],2809.4054197277605,False,True,True,True,1030.5235274692232,1030.5235274692195,3612,[3612],[2758.59989102],2758.5998910191506,False,True,True,True,984.1338960630965,984.1338960630974
sub-via375,CFIN,5566,[5566],[4106.08272209],4106.082722092898,False,True,True,True,1508.9673535400416,1508.9673535400407,5986,[5986],[4342.04301368],4342.043013683997,False,True,True,True,1614.5766094519838,1614.5766094519886
sub-via435,CFIN,3546,[3546],[2743.18714512],2743.1871451219063,False,True,True,True,982.1241808722853,982.1241808722853,3782,[3782],[2880.46245538],2880.46245538412,False,True,True,True,1010.767544145252,1010.7675441452502
sub-via443,CFIN,4276,[4276],[3186.90325136],3186.903251361136,False,True,True,True,1176.8829353454666,1176.8829353454666,4108,[4108],[3062.7695032],3062.7695031970084,False,True,True,True,1094.9775169202567,1094.9775169202512
sub-via356,CFIN,4580,[4580],[3331.80226297],3331.8022629715424,False,True,True,True,1259.4474958414517,1259.4474958414494,4708,[4708],[3459.24573276],3459.2457327617694,False,True,True,True,1268.1859686346675,1268.1859686346693
sub-via392,CFIN,4926,[4926],[3571.21591505],3571.2159150523403,False,True,True,True,1295.9124169263696,1295.9124169263705,4368,[4368],[3316.79026654],3316.7902665421007,False,True,True,True,1206.437243320869,1206.437243320871
sub-via446,CFIN,4352,[4352],[3182.84305311],3182.843053112707,False,True,True,True,1155.0775216200664,1155.0775216200682,4308,[4308],[3191.34883647],3191.3488364739706,False,True,True,True,1177.9459910914993,1177.945991091498
sub-via253,CFIN,4588,[4588],[3490.63092615],3490.6309261517476,False,True,True,True,1289.3583502410647,1289.3583502410665,4556,[4556],[3463.38772022],3463.387720215713,False,True,True,True,1260.428345575724,1260.4283455757213
sub-via486,CFIN,3992,[3992],[3000.42047667],3000.420476670117,False,True,True,True,1098.8364014175768,1098.8364014175804,4382,[4382],[3342.37084199],3342.370841991748,False,True,True,True,1217.079099151253,1217.0790991512558
sub-via297,CFIN,3576,[3576],[2675.06488492],2675.064884917996,False,True,True,True,976.2366284367154,976.2366284367163,4050,[4050],[3069.01761341],3069.017613405303,False,True,True,True,1099.8238762213364,1099.8238762213389
sub-via326,CFIN,4742,[4742],[3616.60922997],3616.6092299660363,False,True,True,True,1314.9801790817673,1314.9801790817664,4608,[4608],[3498.55218861],3498.552188605427,False,True,True,True,1267.324950259298,1267.324950259298
sub-via173,CFIN,4320,[4320],[3304.44648395],3304.4464839474667,False,True,True,True,1219.9313770627086,1219.9313770627114,4736,[4736],[3721.97826681],3721.9782668088596,False,True,True,True,1351.5879013250355,1351.5879013250315
sub-via206,CFIN,5776,[5776],[4247.28167192],4247.281671915905,False,True,True,True,1545.191224277888,1545.1912242778835,5582,[5582],[4135.22204641],4135.222046411076,False,True,True,True,1510.7977922726895,1510.7977922726886
sub-via214,CFIN,4746,[4746],[3540.44742427],3540.447424269346,False,True,True,True,1306.1205248025753,1306.12052480258,4358,[4358],[3250.24214137],3250.242141368848,False,True,True,True,1183.3441159119482,1183.3441159119475
sub-via269,CFIN,4516,[4516],[3420.64204895],3420.642048950975,False,True,True,True,1264.6081322217024,1264.6081322216978,4734,[4734],[3535.98008848],3535.9800884835454,False,True,True,True,1283.7455216537178,1283.7455216537205
sub-via303,CFIN,4664,[4664],[3477.70576596],3477.7057659550883,False,True,True,True,1250.698945216859,1250.698945216855,4684,[4684],[3575.55068708],3575.550687082648,False,True,True,True,1289.6682787391835,1289.6682787391876
sub-via361,CFIN,5190,[5190],[3813.34435909],3813.3443590891206,False,True,True,True,1370.4934827648867,1370.4934827648822,4996,[4996],[3807.52674416],3807.52674415803,False,True,True,True,1410.0753759923462,1410.0753759923493
sub-via489,CFIN,4216,[4216],[3166.81627757],3166.816277572808,False,True,True,True,1169.9108922077558,1169.9108922077594,4346,[4346],[3258.89425531],3258.8942553118704,False,True,True,True,1218.9396998330324,1218.9396998330312
sub-via294,CFIN,4516,[4516],[3375.58114481],3375.5811448078143,False,True,True,True,1253.9793676486697,1253.9793676486752,4566,[4566],[3456.19554202],3456.1955420229065,False,True,True,True,1293.9915049686783,1293.991504968676
sub-via438,CFIN,4166,[4166],[3133.70446881],3133.7044688122296,False,True,True,True,1128.9227888274627,1128.9227888274618,4262,[4262],[3236.96728922],3236.967289221233,False,True,True,True,1208.8224239469255,1208.8224239469237
sub-via452,CFIN,4502,[4502],[3389.15830609],3389.158306085134,False,True,True,True,1229.0704789611154,1229.0704789611118,4084,[4084],[3149.23737908],3149.2373790833344,False,True,True,True,1149.9826587765697,1149.982658776568
sub-via358,CFIN,4746,[4746],[3563.10157385],3563.1015738530095,False,True,True,True,1320.1592421765145,1320.1592421765126,4636,[4636],[3460.53107144],3460.53107144369,False,True,True,True,1243.5218488726491,1243.5218488726505
sub-via405,DRCMR,5424,[5424],[4065.0878276],4065.0878275988716,False,True,True,True,1451.7335552773511,1451.7335552773602,3634,[3634],[2710.81698479],2710.816984792166,False,True,True,True,940.5327262312285,940.532726231228
sub-via407,DRCMR,4848,[4848],[3685.46490967],3685.4649096662774,False,True,True,True,1338.869064980221,1338.8690649802056,4592,[4592],[3451.76303895],3451.7630389487176,False,True,True,True,1235.2901697316045,1235.290169731606
sub-via078,DRCMR,3800,[3800],[2765.72347092],2765.723470917717,False,True,True,True,1009.2222999102651,1009.2222999102642,3816,[3816],[2859.40654744],2859.4065474410486,False,True,True,True,1010.0365540786879,1010.036554078687
sub-via448,DRCMR,4046,[4046],[2917.15827017],2917.15827016835,True,False,True,True,-1.0,-1.0,3276,[3276],[2493.99985582],2493.9998558167317,False,True,True,True,898.2230744360796,898.223074436076
sub-via462,DRCMR,5756,[5756],[4276.08040121],4276.080401211313,False,True,True,True,1558.9029449378158,1558.9029449378158,5690,[5690],[4299.83098993],4299.830989925363,False,True,True,True,1539.6267260643808,1539.6267260643808
sub-via449,DRCMR,4300,[4300],[3246.6303503],3246.6303503002955,True,False,True,True,-1.0,-1.0,4842,[4842],[3690.72685217],3690.7268521692226,False,True,True,True,1321.3422578846935,1321.342257884699
sub-via476,DRCMR,4396,[4396],[3297.73852407],3297.7385240685826,False,True,True,True,1191.7571782237915,1191.7571782237924,4216,[4216],[3212.0996862],3212.099686199597,False,True,True,True,1193.3249517577592,1193.324951757762
sub-via471,DRCMR,4348,[4348],[3244.87335609],3244.873356087209,False,True,True,True,1188.709569373064,1188.709569373058,4024,[4024],[3015.80573265],3015.8057326517337,False,True,True,True,1108.1908355575724,1108.1908355575706
sub-via282,DRCMR,5284,[5284],[3961.08676704],3961.086767042455,False,True,True,True,1448.1662992938336,1448.166299293831,4586,[4586],[3451.14053868],3451.140538676384,False,True,True,True,1235.7534429907282,1235.7534429907282
sub-via499,DRCMR,4536,[4536],[3413.12360774],3413.123607741751,False,True,True,True,1230.6494419874543,1230.6494419874537,5124,[5124],[3808.90174261],3808.901742613506,False,True,True,True,1419.8806359459652,1419.880635945965
sub-via387,DRCMR,5200,[5200],[3946.00708966],3946.0070896646607,False,True,True,True,1437.2589342811889,1437.2589342811762,4192,[4192],[3155.02715115],3155.0271511492897,False,True,True,True,1124.6412355721209,1124.6412355721213
sub-via044,DRCMR,3650,[3650],[2778.33781517],2778.3378151719116,False,True,True,True,986.4633360062649,986.4633360062644,3860,[3860],[2945.08734844],2945.0873484371664,False,True,True,True,1051.7337158712508,1051.7337158712512
sub-via353,DRCMR,4740,[4740],[3534.36295925],3534.36295924553,False,True,True,True,1297.8388532387853,1297.8388532387826,4344,[4344],[3271.49102089],3271.4910208875613,True,False,True,True,-1.0,-1.0
sub-via402,DRCMR,4284,[4284],[3158.64709137],3158.6470913676226,False,True,True,True,1164.0646460393555,1164.0646460393536,3648,[3648],[2725.84719102],2725.8471910222675,False,True,True,True,1007.8118116369947,1007.8118116369969
sub-via416,DRCMR,4348,[4348],[3278.78262399],3278.7826239859933,False,True,True,True,1233.5340407510093,1233.5340407510157,4228,[4228],[3220.63438093],3220.634380931513,False,True,True,True,1185.6215202738167,1185.621520273823
sub-via004,DRCMR,4450,[4450],[3422.09786971],3422.097869705453,False,True,True,True,1254.3780587320734,1254.3780587320753,4014,[4014],[3096.11528893],3096.1152889294776,False,True,True,True,1130.3458166176633,1130.3458166176724
sub-via064,DRCMR,5380,[5380],[3989.18211542],3989.182115417368,False,True,True,True,1490.9022579672665,1490.9022579672683,4696,[4696],[3573.83965446],3573.8396544643,False,True,True,True,1333.6259411907758,1333.625941190774
sub-via097,DRCMR,5164,[5164],[3844.16600763],3844.1660076314943,False,True,True,True,1390.9489543476084,1390.9489543475993,4406,[4406],[3345.63344393],3345.633443928291,False,True,True,True,1205.152256377537,1205.1522563775352
sub-via088,DRCMR,4386,[4386],[3249.13082189],3249.1308218943896,False,True,True,True,1188.4935923117155,1188.4935923117173,3924,[3924],[2913.87935266],2913.8793526569298,False,True,True,True,1081.4989328489232,1081.4989328489237
sub-via400,DRCMR,4704,[4704],[3542.78456971],3542.784569705008,False,True,True,True,1320.1198078066982,1320.1198078066946,4454,[4454],[3399.09777811],3399.0977781114416,False,True,True,True,1278.1610592236784,1278.1610592236748
sub-via408,DRCMR,5026,[5026],[3775.49861465],3775.498614654507,True,False,True,True,-1.0,-1.0,4680,[4680],[3483.26689434],3483.2668943371664,False,True,True,True,1262.1159613019863,1262.1159613019881
sub-via504,DRCMR,4898,[4898],[3759.7176631],3759.7176631047387,False,True,True,True,1348.029049852311,1348.0290498523136,5594,[5594],[4346.47617377],4346.476173769014,False,True,True,True,1617.0834208311276,1617.0834208311333
sub-via070,DRCMR,4562,[4562],[3375.98209367],3375.9820936668975,False,True,True,True,1214.8026296447006,1214.802629644697,4214,[4214],[3229.06630616],3229.0663061609653,False,True,True,True,1180.71082486644,1180.71082486644
sub-via384,DRCMR,4944,[4944],[3640.86513208],3640.8651320783065,False,True,True,True,1317.9723217564638,1317.9723217564656,4408,[4408],[3270.30463038],3270.3046303758906,False,True,True,True,1172.5700761092025,1172.5700761092062
sub-via508,DRCMR,2214,[2214],[1630.42407923],1630.4240792297712,False,True,True,True,611.9489925639668,611.9489925639673,4316,[4316],[3302.65656062],3302.6565606212257,False,True,True,True,1230.9517838579281,1230.95178385793
sub-via388,DRCMR,5324,[5324],[3995.32196268],3995.3219626844557,False,True,True,True,1462.94962975413,1462.9496297541236,5056,[5056],[3862.78903637],3862.7890363725464,False,True,True,True,1439.740733487829,1439.7407334878294
sub-via410,DRCMR,4260,[4260],[3117.08148106],3117.0814810610636,False,True,True,True,1134.5297846420153,1134.5297846420208,3854,[3854],[2895.98379692],2895.98379692416,False,True,True,True,1082.2255359781207,1082.2255359781188
sub-via049,DRCMR,5228,[5228],[3942.7470364],3942.747036398971,False,True,True,True,1438.1773686291044,1438.1773686291062,5028,[5028],[3804.13691745],3804.13691744608,False,True,True,True,1400.6870879451126,1400.6870879451126
sub-via091,DRCMR,4518,[4518],[3386.99443596],3386.994435958639,False,True,True,True,1218.9561088538385,1218.9561088538403,4462,[4462],[3320.97718822],3320.9771882245054,False,True,True,True,1207.3927069418623,1207.3927069418658
sub-via411,DRCMR,5458,[5458],[4032.76607605],4032.766076050914,False,True,True,True,1437.3910106935982,1437.3910106935928,5198,[5198],[3878.31088513],3878.310885128675,False,True,True,True,1418.547686418472,1418.5476864184736
sub-via385,DRCMR,4240,[4240],[3190.99039439],3190.9903943876407,False,True,True,True,1173.5753167886232,1173.5753167886223,4662,[4662],[3437.93194224],3437.931942236971,False,True,True,True,1284.3915706057292,1284.3915706057205
sub-via077,DRCMR,4936,[4936],[3760.55261239],3760.5526123876175,False,True,True,True,1338.6833646869054,1338.68336468691,4790,[4790],[3666.07499107],3666.074991071147,False,True,True,True,1339.1808126788947,1339.180812678891
sub-via039,DRCMR,4326,[4326],[3190.03011518],3190.0301151793915,False,True,True,True,1162.3085082031666,1162.3085082031666,4098,[4098],[3092.22933348],3092.2293334823603,False,True,True,True,1131.158211399592,1131.1582113995917
sub-via083,DRCMR,4850,[4850],[3618.58567969],3618.5856796915405,False,True,True,True,1296.913945882091,1296.9139458820937,4672,[4672],[3562.53652928],3562.536529277374,False,True,True,True,1277.0192689271162,1277.0192689271153
sub-via037,DRCMR,4672,[4672],[3482.44900264],3482.449002643284,False,True,True,True,1280.612727652283,1280.6127276522848,4426,[4426],[3251.0724747],3251.072474695358,False,True,True,True,1198.5176180392127,1198.5176180392118
sub-via081,DRCMR,4392,[4392],[3294.250721],3294.2507209968758,False,True,True,True,1198.3667185457698,1198.3667185457725,3768,[3768],[2856.73148064],2856.7314806444733,False,True,True,True,1045.7254477461229,1045.7254477461195
sub-via134,DRCMR,5720,[5720],[4178.79962445],4178.799624453721,False,True,True,True,1546.1341996594401,1546.1341996594438,5220,[5220],[3931.50568031],3931.505680308561,False,True,True,True,1446.7150162752978,1446.7150162752946
sub-via020,DRCMR,3688,[3688],[2782.79257979],2782.7925797865105,False,True,True,True,991.8558041491879,991.8558041491851,4172,[4172],[3160.70295155],3160.7029515491836,False,True,True,True,1142.814328068357,1142.814328068357
sub-via068,DRCMR,5864,[5864],[4454.8756444],4454.875644402844,True,False,True,True,-1.0,-1.0,6082,[6082],[4603.40094457],4603.400944570403,False,True,True,True,1696.6891462852282,1696.6891462852245
sub-via100,DRCMR,4472,[4472],[3231.52381357],3231.523813572367,False,True,True,True,1189.5989290214375,1189.5989290214375,4242,[4242],[3100.50085382],3100.5008538208917,False,True,True,True,1135.7658135304582,1135.765813530451
sub-via478,DRCMR,4046,[4046],[3051.42618874],3051.426188737177,False,True,True,True,1127.2679136508104,1127.2679136508104,4526,[4526],[3373.59655802],3373.5965580182624,False,True,True,True,1248.158988790929,1248.158988790929
sub-via109,DRCMR,4678,[4678],[3565.35953049],3565.3595304897785,False,True,True,True,1291.124958084527,1291.1249580845315,4184,[4184],[3134.5864715],3134.586471498883,False,True,True,True,1178.0048727274125,1178.0048727274116
sub-via344,DRCMR,5508,[5508],[4118.07717032],4118.077170321181,False,True,True,True,1505.9649688389036,1505.9649688389027,5316,[5316],[4078.11225316],4078.1122531574847,False,True,True,True,1509.3789908650488,1509.3789908650524
sub-via249,DRCMR,4360,[4360],[3145.92718359],3145.9271835877985,True,False,True,True,-1.0,-1.0,4604,[4604],[3395.0231045],3395.0231045024384,False,True,True,True,1215.3561367885973,1215.3561367885964
sub-via125,DRCMR,4298,[4298],[3141.23225451],3141.2322545123366,False,True,True,True,1152.8744084954888,1152.8744084954906,3460,[3460],[2607.69388093],2607.693880934634,False,True,True,True,951.4412430393049,951.441243039304
sub-via131,DRCMR,4734,[4734],[3557.90262505],3557.9026250523407,False,True,True,True,1278.5422800371489,1278.542280037157,4244,[4244],[3298.97573595],3298.975735949092,False,True,True,True,1201.5424798227923,1201.5424798227914
sub-via124,DRCMR,4298,[4298],[3268.92527288],3268.9252728770293,False,True,True,True,1173.1734784067903,1173.1734784067858,4400,[4400],[3338.34232188],3338.342321882669,False,True,True,True,1217.9500594327014,1217.9500594326958
sub-via350,DRCMR,5898,[5898],[4389.89613586],4389.896135858322,False,True,True,True,1558.5802618663129,1558.5802618663156,4486,[4486],[3364.49901929],3364.4990192902,False,True,True,True,1229.9615449969385,1229.961544996939
sub-via186,DRCMR,4312,[4312],[3247.63185483],3247.6318548252807,False,True,True,True,1155.3946016732662,1155.3946016732643,3968,[3968],[3031.18638018],3031.186380175851,False,True,True,True,1099.581925771089,1099.5819257710907
sub-via162,DRCMR,4574,[4574],[3498.52738986],3498.527389864632,False,True,True,True,1258.6321181873864,1258.6321181873845,4524,[4524],[3326.51691511],3326.516915109705,False,True,True,True,1217.5532413490714,1217.5532413490755
sub-via175,DRCMR,5318,[5318],[3977.98128304],3977.981283038803,False,True,True,True,1414.0517805253394,1414.051780525342,4682,[4682],[3603.42926963],3603.429269627272,False,True,True,True,1310.1219731594224,1310.1219731594183
sub-via191,DRCMR,1976,[1976],[1393.42049226],1393.4204922562444,False,True,True,True,516.4778992791203,516.4778992791221,2548,[2548],[1834.33222107],1834.3322210706378,False,True,True,True,687.956834760163,687.9568347601621
sub-via005,DRCMR,4660,[4660],[3415.11303034],3415.113030344157,False,True,True,True,1234.4407824199452,1234.4407824199398,4992,[4992],[3768.80632178],3768.80632177601,False,True,True,True,1327.3838346127895,1327.383834612795
sub-via065,DRCMR,3964,[3964],[2889.01092908],2889.010929081965,False,True,True,True,1071.2405858144602,1071.2405858144639,4262,[4262],[3200.33385197],3200.33385196705,False,True,True,True,1164.0127715066692,1164.0127715066674
sub-via061,DRCMR,5214,[5214],[3744.28936987],3744.289369873697,True,False,True,True,-1.0,-1.0,2200,[2200],[1579.41110699],1579.4111069898534,False,True,True,True,583.6187851247114,583.6187851247114
sub-via003,DRCMR,4660,[4660],[3519.45497256],3519.454972558042,False,True,True,True,1273.6733403552435,1273.6733403552425,4876,[4876],[3645.68411438],3645.684114380509,False,True,True,True,1312.088163749976,1312.0881637499824
sub-via092,DRCMR,4710,[4710],[3592.00367076],3592.003670762739,False,True,True,True,1316.6519844339655,1316.6519844339746,4798,[4798],[3620.24401702],3620.244017020706,False,True,True,True,1354.8054923165437,1354.8054923165473
sub-via123,DRCMR,4092,[4092],[2975.37824536],2975.3782453620706,False,True,True,True,1100.8432608362218,1100.8432608362268,4054,[4054],[3000.03644907],3000.0364490720617,False,True,True,True,1091.9680966738692,1091.9680966738697
sub-via102,DRCMR,3808,[3808],[2875.99053016],2875.9905301551917,False,True,True,True,1044.7776861775014,1044.7776861775046,4244,[4244],[3193.79503749],3193.7950374939987,False,True,True,True,1142.0596740814644,1142.059674081459
sub-via149,DRCMR,4430,[4430],[3336.91072381],3336.9107238095494,False,True,True,True,1246.44929015465,1246.4492901546532,4398,[4398],[3352.24442782],3352.2444278170083,False,True,True,True,1235.6689848792703,1235.668984879274
sub-via245,DRCMR,5018,[5018],[3661.47770087],3661.477700868329,False,True,True,True,1339.6161745260642,1339.6161745260652,4254,[4254],[3194.53684533],3194.5368453262367,False,True,True,True,1205.954621447485,1205.954621447484
sub-via168,DRCMR,4004,[4004],[3016.05132714],3016.0513271437003,False,True,True,True,1098.5546613794513,1098.5546613794522,4068,[4068],[3103.57613296],3103.57613295603,False,True,True,True,1117.8011760382942,1117.8011760382915
sub-via262,DRCMR,4716,[4716],[3537.02166842],3537.0216684199086,False,True,True,True,1263.6165553011042,1263.6165553011015,4600,[4600],[3410.99368461],3410.993684608136,False,True,True,True,1275.5072831325583,1275.5072831325565
sub-via234,DRCMR,4694,[4694],[3514.06044289],3514.0604428858396,False,True,True,True,1281.788077093256,1281.788077093256,4614,[4614],[3506.38467999],3506.384679986811,False,True,True,True,1260.6537931228659,1260.6537931228606
sub-via193,DRCMR,4852,[4852],[3643.17142468],3643.171424681986,False,True,True,True,1326.29318487191,1326.2931848719118,4742,[4742],[3673.60886638],3673.6088663804353,False,True,True,True,1304.5429523623764,1304.5429523623743
sub-via401,DRCMR,4018,[4018],[3072.95331784],3072.953317838497,False,True,True,True,1128.1628140884068,1128.1628140884077,3994,[3994],[2983.50189877],2983.501898769207,False,True,True,True,1103.4850673745568,1103.485067374554
sub-via412,DRCMR,4962,[4962],[3695.74733192],3695.747331921497,False,True,True,True,1319.7396325334557,1319.7396325334557,4660,[4660],[3548.64425647],3548.644256470153,False,True,True,True,1338.1480798057237,1338.1480798057269
sub-via110,DRCMR,4562,[4562],[3384.92925748],3384.9292574770147,False,True,True,True,1211.9376196266594,1211.937619626663,4754,[4754],[3542.83018584],3542.8301858398536,False,True,True,True,1277.3495235384153,1277.3495235384162
sub-via146,DRCMR,4816,[4816],[3532.96041423],3532.9604142300273,False,True,True,True,1314.4447016930126,1314.4447016930144,3962,[3962],[2956.43823877],2956.438238770769,False,True,True,True,1071.6946601666727,1071.6946601666732
sub-via302,DRCMR,4156,[4156],[3174.29021018],3174.2902101832483,False,True,True,True,1167.3250760930332,1167.3250760930314,4510,[4510],[3392.8144109],3392.8144108960214,False,True,True,True,1236.4913385123837,1236.4913385123818
sub-via278,DRCMR,4574,[4574],[3471.43903616],3471.43903616319,False,True,True,True,1259.6432222921285,1259.6432222921303,4094,[4094],[3050.69981263],3050.6998126322555,False,True,True,True,1091.6113507814252,1091.6113507814237
sub-via161,DRCMR,4504,[4504],[3386.16976921],3386.1697692121866,False,True,True,True,1258.777412235463,1258.777412235463,4278,[4278],[3197.00579615],3197.005796149496,False,True,True,True,1204.9663699999564,1204.9663699999546
sub-via288,DRCMR,4878,[4878],[3571.40429741],3571.404297405327,False,True,True,True,1304.8303055718488,1304.8303055718443,4092,[4092],[3095.28658884],3095.286588837642,True,False,True,True,-1.0,-1.0
sub-via230,DRCMR,5110,[5110],[3841.94947432],3841.949474316546,False,True,True,True,1399.839779189576,1399.839779189576,4758,[4758],[3638.40367536],3638.4036753616933,False,True,True,True,1325.9040667546067,1325.904066754607
sub-via377,DRCMR,5328,[5328],[3991.62881027],3991.628810267976,False,True,True,True,1448.87444294769,1448.8744429476865,4574,[4574],[3493.12439749],3493.1243974902536,False,True,True,True,1248.703599146752,1248.7035991467528
sub-via509,DRCMR,5190,[5190],[3925.38805124],3925.388051239591,False,True,True,True,1430.656531783406,1430.6565317834052,4832,[4832],[3619.6532686],3619.653268601286,False,True,True,True,1339.7028576922667,1339.7028576922594
sub-via098,DRCMR,5190,[5190],[3910.6357335],3910.6357335016655,False,True,True,True,1386.1215916465617,1386.1215916465626,4932,[4932],[3702.0919007],3702.0919007040316,False,True,True,True,1357.0857052711453,1357.0857052711463
sub-via133,DRCMR,4162,[4162],[3109.19848606],3109.1984860554276,False,True,True,True,1140.3472830870178,1140.3472830870069,4070,[4070],[2971.37676798],2971.376767975126,True,False,True,True,-1.0,-1.0
sub-via130,DRCMR,4282,[4282],[3220.95859483],3220.9585948293425,False,True,True,True,1197.3831269592292,1197.383126959232,4244,[4244],[3231.19511655],3231.195116553444,False,True,True,True,1171.5730277797138,1171.5730277797143
sub-via185,DRCMR,3984,[3984],[3010.97263191],3010.9726319102674,False,True,True,True,1066.0820694456697,1066.0820694456688,4216,[4216],[3170.87191139],3170.871911385761,False,True,True,True,1165.4478981039977,1165.4478981039933
sub-via196,DRCMR,4484,[4484],[3301.40808737],3301.4080873712355,True,False,True,True,-1.0,-1.0,4358,[4358],[3293.36149442],3293.3614944199876,False,True,True,True,1201.9458499555176,1201.9458499555194
sub-via243,DRCMR,5216,[5216],[3890.06683609],3890.0668360926566,False,True,True,True,1442.0973997275332,1442.097399727535,4548,[4548],[3466.92213064],3466.922130640655,False,True,True,True,1247.3935029862323,1247.3935029862323
sub-via368,DRCMR,4564,[4564],[3377.83777023],3377.8377702320313,False,True,True,True,1205.5879596713376,1205.587959671334,3872,[3872],[2864.25466366],2864.254663664075,True,False,True,True,-1.0,-1.0
sub-via267,DRCMR,4660,[4660],[3541.42142774],3541.421427739639,False,True,True,True,1297.2648826040058,1297.264882604005,4172,[4172],[3203.46929833],3203.469298327507,False,True,True,True,1163.2493228472385,1163.2493228472401
sub-via176,DRCMR,4178,[4178],[3087.88829657],3087.888296574821,False,True,True,True,1101.786246926731,1101.786246926732,4402,[4402],[3311.07601683],3311.07601682755,False,True,True,True,1234.6687446033695,1234.6687446033718
sub-via139,DRCMR,3328,[3328],[2505.79659544],2505.796595443431,False,True,True,True,872.2188685142837,872.2188685142728,4262,[4262],[3156.63071693],3156.6307169292486,False,True,True,True,1161.3667103297719,1161.366710329776
sub-via285,DRCMR,4334,[4334],[3323.13805779],3323.1380577863524,False,True,True,True,1197.8401672749196,1197.840167274915,4112,[4112],[3120.5188747],3120.5188747017037,False,True,True,True,1169.830795132856,1169.8307951328588
sub-via172,DRCMR,6164,[6164],[4652.51695765],4652.516957646883,False,True,True,True,1693.2956738027342,1693.2956738027433,6034,[6034],[4504.45817716],4504.458177164568,False,True,True,True,1634.0722902423586,1634.0722902423609
sub-via150,DRCMR,4534,[4534],[3456.99252955],3456.992529548589,False,True,True,True,1258.4035679951512,1258.4035679951512,4618,[4618],[3435.21973905],3435.2197390467645,False,True,True,True,1269.4334768587805,1269.4334768587796
sub-via316,DRCMR,3928,[3928],[2945.06972946],2945.069729461838,False,True,True,True,1061.5745146540985,1061.5745146540976,4238,[4238],[3210.07734457],3210.0773445660748,False,True,True,True,1155.0950267994422,1155.0950267994422
sub-via187,DRCMR,4050,[4050],[3090.40659747],3090.4065974662503,False,True,True,True,1120.765125147871,1120.76512514787,4608,[4608],[3501.51027906],3501.5102790555893,False,True,True,True,1297.2758564101778,1297.2758564101835
sub-via217,DRCMR,4940,[4940],[3678.41463601],3678.4146360144036,False,True,True,True,1340.6407447848333,1340.6407447848323,4902,[4902],[3754.00402101],3754.004021013001,False,True,True,True,1347.9826641143675,1347.9826641143727
sub-via046,DRCMR,4328,[4328],[3280.85938183],3280.8593818261043,False,True,True,True,1209.70680892593,1209.7068089259294,4274,[4274],[3205.59818941],3205.598189407581,False,True,True,True,1183.855791783094,1183.8557917830958
sub-via090,DRCMR,4512,[4512],[3361.74390237],3361.743902368228,False,True,True,True,1243.2268751309584,1243.2268751309557,3886,[3886],[2930.65528963],2930.655289629965,False,True,True,True,1085.016245136294,1085.0162451362921
sub-via023,DRCMR,3518,[3518],[2669.89868952],2669.8986895188546,False,True,True,True,970.0790502157852,970.0790502157888,4456,[4456],[3383.10836693],3383.108366932007,False,True,True,True,1227.2922871387364,1227.2922871387339
sub-via069,DRCMR,5072,[5072],[3702.54187772],3702.5418777227355,False,True,True,True,1374.5701509786122,1374.5701509786086,4734,[4734],[3578.98614792],3578.98614791928,False,True,True,True,1291.0156133109003,1291.015613310899
sub-via101,DRCMR,5144,[5144],[3814.83668803],3814.8366880268495,False,True,True,True,1427.9301451970014,1427.930145197001,5296,[5296],[3947.03465576],3947.0346557553703,False,True,True,True,1445.518699647615,1445.5186996476177
sub-via028,DRCMR,5154,[5154],[3719.35235113],3719.352351129172,False,True,True,True,1375.9212628911118,1375.9212628911082,4704,[4704],[3519.60647854],3519.606478542757,False,True,True,True,1268.3118148347899,1268.3118148347917
sub-via072,DRCMR,4786,[4786],[3532.24847089],3532.2484708913607,True,False,True,True,-1.0,-1.0,4598,[4598],[3502.04207697],3502.042076969727,False,True,True,True,1290.5466964510374,1290.5466964510379
sub-via127,DRCMR,3784,[3784],[2749.47148399],2749.471483989299,False,True,True,True,982.6670468408956,982.6670468408938,3148,[3148],[2327.46778254],2327.4677825386934,False,True,True,True,845.6343003585407,845.6343003585389
sub-via135,DRCMR,2972,[2972],[1988.37625174],1988.3762517375596,False,True,True,True,808.434331093044,808.4343310930446,2188,[2188],[1485.27226904],1485.2722690396472,False,True,True,True,529.2031927028023,529.2031927028017
sub-via281,DRCMR,4362,[4362],[3314.93085257],3314.9308525664983,False,True,True,True,1200.8421696944242,1200.8421696944251,4788,[4788],[3634.7788544],3634.778854398051,False,True,True,True,1329.362857873614,1329.3628578736088
sub-via308,DRCMR,4998,[4998],[3704.83363435],3704.833634349899,False,True,True,True,1314.3825423220915,1314.3825423220915,4540,[4540],[3274.2249198],3274.2249197966835,False,True,True,True,1202.8546192451358,1202.8546192451367
sub-via277,DRCMR,4382,[4382],[3382.89084852],3382.8908485237694,False,True,True,True,1199.8526147027096,1199.8526147026996,4596,[4596],[3574.2276793],3574.2276792997854,False,True,True,True,1299.1682744298278,1299.1682744298314
sub-via265,DRCMR,4512,[4512],[3359.40441576],3359.4044157590306,False,True,True,True,1221.6672008797022,1221.6672008797077,4468,[4468],[3312.87884668],3312.8788466803967,False,True,True,True,1192.018048066374,1192.018048066368
sub-via183,DRCMR,4044,[4044],[3043.95078106],3043.9507810570026,False,True,True,True,1096.849210937864,1096.8492109378553,4348,[4348],[3202.62845435],3202.628454348307,False,True,True,True,1172.2335935604715,1172.2335935604733
sub-via215,DRCMR,4406,[4406],[3265.37748469],3265.3774846920073,False,True,True,True,1208.0397266032787,1208.0397266032796,4504,[4504],[3444.17392724],3444.1739272381337,False,True,True,True,1268.8098301643904,1268.8098301643868
sub-via418,DRCMR,5062,[5062],[3709.72024293],3709.720242930381,False,True,True,True,1363.0927007744767,1363.0927007744813,5068,[5068],[3754.25616728],3754.256167284805,False,True,True,True,1355.0244227402832,1355.0244227402854
sub-via404,DRCMR,4224,[4224],[3254.67333245],3254.6733324477123,False,True,True,True,1161.5310860588388,1161.531086058838,4208,[4208],[3133.63439798],3133.6343979809403,False,True,True,True,1130.2920446351468,1130.2920446351468
sub-via369,DRCMR,4254,[4254],[3169.68975562],3169.689755615449,False,True,True,True,1157.4643983829965,1157.4643983829937,4130,[4130],[3034.11633846],3034.1163384574475,False,True,True,True,1151.2694636789583,1151.2694636789574
sub-via518,DRCMR,4810,[4810],[3545.20991528],3545.209915276761,False,True,True,True,1306.8262428780045,1306.8262428780026,4600,[4600],[3406.6352695],3406.635269495494,False,True,True,True,1259.7149800604225,1259.7149800604238
sub-via043,DRCMR,5074,[5074],[3773.0773209],3773.077320900495,False,True,True,True,1387.0675782852213,1387.0675782852159,3470,[3470],[2717.10496719],2717.1049671904684,False,True,True,True,968.7517886932915,968.7517886932878
sub-via087,DRCMR,4218,[4218],[3162.93102136],3162.9310213584363,False,True,True,True,1163.5501505973984,1163.550150597403,4060,[4060],[3078.44378322],3078.4437832201675,False,True,True,True,1135.1696773260273,1135.169677326027
sub-via365,DRCMR,4298,[4298],[3100.82947781],3100.829477813216,False,True,True,True,1120.8149009399585,1120.8149009399658,2822,[2822],[2107.95687679],2107.9568767897226,False,True,True,True,782.9251369298731,782.9251369298727
sub-via495,DRCMR,5062,[5062],[3760.8909158],3760.8909158029815,False,True,True,True,1412.0475139732043,1412.0475139731889,5058,[5058],[3734.21848199],3734.2184819949066,True,False,True,True,-1.0,-1.0
sub-via038,DRCMR,5326,[5326],[3942.76556966],3942.765569658281,False,True,True,True,1441.1436248208602,1441.1436248208674,5038,[5038],[3796.96347495],3796.963474954579,False,True,True,True,1413.1721915217327,1413.17219152174
sub-via082,DRCMR,4012,[4012],[2947.78154007],2947.7815400654813,False,True,True,True,1058.2968399263063,1058.2968399263045,3502,[3502],[2617.27221126],2617.2722112606834,False,True,True,True,945.7821633908628,945.7821633908601
sub-via108,DRCMR,4132,[4132],[3131.31951024],3131.319510241319,False,True,True,True,1140.0452745521625,1140.0452745521643,4248,[4248],[3155.3946132],3155.3946131986986,False,True,True,True,1134.0124134963844,1134.012413496383
sub-via142,DRCMR,5026,[5026],[3787.2713816],3787.2713815988254,False,True,True,True,1377.6608312086864,1377.6608312086864,4924,[4924],[3761.40284286],3761.4028428626348,False,True,True,True,1384.6744104579975,1384.6744104580011
sub-via169,DRCMR,4956,[4956],[3764.50931116],3764.509311160847,False,True,True,True,1337.1932335300698,1337.1932335300808,4758,[4758],[3512.71750184],3512.71750183822,False,True,True,True,1254.6285318634027,1254.628531863404
sub-via179,DRCMR,4678,[4678],[3476.05430763],3476.0543076317535,False,True,True,True,1259.9000438152443,1259.9000438152398,4536,[4536],[3432.50760381],3432.507603810534,False,True,True,True,1269.9788145945352,1269.9788145945313
sub-via261,DRCMR,4506,[4506],[3420.3853686],3420.385368595746,False,True,True,True,1227.3352280865502,1227.335228086547,4180,[4180],[3172.25525494],3172.255254944763,True,False,True,True,-1.0,-1.0
sub-via334,DRCMR,4600,[4600],[3457.7695876],3457.769587600671,True,False,True,True,-1.0,-1.0,4480,[4480],[3414.12638337],3414.126383372117,False,True,True,True,1252.7811410256718,1252.7811410256745
sub-via312,DRCMR,4848,[4848],[3613.71712263],3613.7171226284922,False,True,True,True,1318.895087366589,1318.895087366589,5342,[5342],[3957.33708118],3957.337081183106,False,True,True,True,1444.8522196623717,1444.8522196623694
sub-via218,DRCMR,4450,[4450],[3294.16792103],3294.167921025513,False,True,True,True,1189.5675460630528,1189.5675460630528,4876,[4876],[3616.67093589],3616.6709358926014,False,True,True,True,1291.8982602839742,1291.8982602839687
sub-via374,DRCMR,4760,[4760],[3598.23623676],3598.2362367592327,False,True,True,True,1348.7381084300905,1348.738108430086,4300,[4300],[3196.46946704],3196.469467035703,False,True,True,True,1144.0476201851761,1144.0476201851752
sub-via426,DRCMR,4272,[4272],[3235.07837558],3235.078375583203,False,True,True,True,1190.2535185885135,1190.2535185885108,3514,[3514],[2587.89379411],2587.8937941131744,False,True,True,True,944.967959002564,944.967959002558
sub-via492,DRCMR,4116,[4116],[3034.48934495],3034.489344951055,False,True,True,True,1079.88160228604,1079.8816022860346,3874,[3874],[2920.93485241],2920.934852414451,False,True,True,True,1037.5041663506627,1037.5041663506654
sub-via122,DRCMR,4766,[4766],[3572.54814426],3572.5481442620026,False,True,True,True,1313.1540949056443,1313.1540949056507,3964,[3964],[3016.91050857],3016.9105085683623,False,True,True,True,1082.9413830949438,1082.9413830949466
sub-via121,DRCMR,4240,[4240],[3291.42756871],3291.427568710297,False,True,True,True,1205.7231461439387,1205.7231461439405,4524,[4524],[3398.27745185],3398.2774518517904,False,True,True,True,1279.9415156374544,1279.941515637444
sub-via141,DRCMR,4782,[4782],[3574.70504135],3574.705041346091,False,True,True,True,1310.3934887241721,1310.3934887241708,4708,[4708],[3590.30649574],3590.306495735587,False,True,True,True,1290.4934765894495,1290.4934765894495
sub-via347,DRCMR,4912,[4912],[3619.60017231],3619.600172308558,True,False,True,True,-1.0,-1.0,3968,[3968],[3028.52092111],3028.5209211124716,False,True,True,True,1100.8029973835528,1100.8029973835526
sub-via165,DRCMR,4622,[4622],[3406.77186471],3406.771864707761,False,True,True,True,1226.3289176613016,1226.3289176613034,4490,[4490],[3325.27074018],3325.270740181336,False,True,True,True,1230.2831733781995,1230.283173378206
sub-via246,DRCMR,4422,[4422],[3290.54556211],3290.5455621137367,False,True,True,True,1203.807465018267,1203.8074650182652,4874,[4874],[3656.32825846],3656.32825846493,False,True,True,True,1368.5822984278116,1368.5822984278147
sub-via197,DRCMR,4208,[4208],[3138.23491091],3138.2349109125016,False,True,True,True,1149.1870762066692,1149.1870762066637,4620,[4620],[3410.95005391],3410.950053914036,False,True,True,True,1258.4599631870158,1258.459963187015
sub-via212,DRCMR,5024,[5024],[3796.35492962],3796.3549296214214,False,True,True,True,1379.9062002521223,1379.9062002521214,5148,[5148],[3884.90679443],3884.9067944323924,False,True,True,True,1455.7826486919048,1455.7826486919048
sub-via354,DRCMR,4772,[4772],[3540.98935299],3540.9893529853402,False,True,True,True,1274.372006516197,1274.372006516197,4090,[4090],[3111.60549126],3111.605491261679,False,True,True,True,1133.0324449041009,1133.0324449041027
sub-via033,DRCMR,4506,[4506],[3401.65214321],3401.652143206761,False,True,True,True,1224.5021018016196,1224.5021018016187,4402,[4402],[3353.84992783],3353.849927832775,False,True,True,True,1226.0658535319485,1226.065853531949
sub-via521,DRCMR,4882,[4882],[3732.4931078],3732.493107797018,False,True,True,True,1337.8941574970995,1337.8941574970977,5394,[5394],[3918.19271141],3918.192711412866,False,True,True,True,1429.903033186063,1429.903033186064
sub-via240,DRCMR,4582,[4582],[3387.59716968],3387.5971696842585,False,True,True,True,1222.248393713975,1222.2483937139714,3816,[3816],[2827.28098521],2827.280985210013,False,True,True,True,1001.3648788889113,1001.3648788889122
sub-via190,DRCMR,5110,[5110],[3785.26387626],3785.2638762620504,False,True,True,True,1356.1241362491653,1356.1241362491664,4768,[4768],[3562.95866749],3562.9586674895186,False,True,True,True,1300.312742962844,1300.312742962844
sub-via030,DRCMR,4918,[4918],[3677.21112714],3677.211127138631,False,True,True,True,1335.10440976243,1335.1044097624253,4228,[4228],[3191.66969318],3191.6696931799065,False,True,True,True,1184.2741409739838,1184.274140973982
sub-via026,DRCMR,4064,[4064],[3123.58919156],3123.5891915560987,False,True,True,True,1121.0717426577726,1121.0717426577717,4632,[4632],[3456.44277195],3456.442771950608,False,True,True,True,1267.8052686181409,1267.8052686181409
